GISJOIN_proj,GEOID,GISJOIN_CT,pop_00,pop_white_00,pop_black_00,pop_indigenous_00,pop_asian_00,pop_other_00,pop_latino_00,pop_10,pop_white_10,pop_black_10,pop_indigenous_10,pop_asian_10,pop_other_10,pop_latino_10,pop_20,pop_white_20,pop_black_20,pop_indigenous_20,pop_asian_20,pop_other_20,pop_latino_20,pop_change00_10,pop_change10_20,white_change00_10,white_change10_20,black_change00_10,black_change10_20,latino_change00_10,latino_change10_20,blackpct_ch_00_20,median_rent_10,median_rent_20,median_hv_10,median_hv_20,median_hhinc_10,median_hhinc_20,adult_college_above_10,adult_over25_10,renters_10,HU_10,HU_vacant_10,HH_10,hi_inc_hh_10,lo_inc_hh_10,adult_college_above_20,adult_over25_20,renters_20,HU_20,HU_vacant_20,HH_20,hi_inc_hh_20,lo_inc_hh_20,GEOID_bg,rent_bg_Q3_2017,rent_bg_Q3_2024,rent_ma_Q3_2017,rent_ma_Q3_2024,permits_N,affordable_units,vacancy_Ch,HH_ch,HU_ch,housing_tightness,HH_p_ch,HU_p_ch,renter_p_10,renter_p_20,renter_p_ch,college_edu,hi_inc_ch,hi_inc_ch_pop,lo_inc_ch,lo_inc_ch_pop,hhinc_ch,pop_la,all_renters_ct,renters30_ct,renters50_ct,renters60_ct,renters70_ct,renters80_ct,rank_renter_p,rank_housing_tight,rank_hh_growth,rank_vacant_ch,rank_college,rank_hhinc,rank_hi_inc,rank_lo_inc,rank_rents,rank_rents2,rank_HV,rank_permits,owner_20_ct,hi_all,med_all,h1,h2,h3,m1,m2,risk_level
G21011100002011,1500000US211110002011,G2101110000201,,,,,,,,777,551,226,0,0,0,0,592,592,0,0,0,0,0,,-185,,41,,-226,,0,,,,,,,,,,,,,,,,,,,,,,,,211110000000.0,850.0,995.0,850.0,1095.0,43.0,137.0,,,,,,,,,,,,,,,,,,,,,,,,,,,,,,,,19.0,,52.0,1000,,,,,,,,low
G21011100002012,1500000US211110002012,G2101110000201,,,,,,,,647,479,147,0,0,0,21,691,365,293,0,0,33,0,,44,,-114,,146,,-21,,,,55482.87096774193,40713.28571428572,24217.75,33051.63157894737,17.0,865.0,370.0,760.0,184.0,576.0,25.0,339.0,90.0,752.0,258.0,772.0,238.0,534.0,0.0,304.0,211110000000.0,849.5,1000.0,850.0,1095.0,32.0,117.0,0.06618489228251975,-42.0,12.0,0.06994818652849741,-0.07291666666666667,0.015789473684210527,0.6423611111111112,0.48314606741573035,-0.1592150436953808,0.10002767187307834,-0.043402777777777776,-25.0,-0.019253277153558068,-35.0,0.3647688814587386,2.0,,,,,,,98.0,16.0,26.0,13.0,72.0,45.0,40.0,48.0,,20.0,4.0,41.0,1000,0.0,0.0,0.0,0.0,0.0,0.0,0.0,low
G21011100002021,1500000US211110002021,G2101110000202,,,,,,,,1627,1281,314,0,0,16,16,929,781,74,0,0,30,44,,-698,,-500,,-240,,28,,,,35656.89473684211,47172.91304347826,21469.58823529412,23230.70731707317,8.0,1025.0,219.0,537.0,89.0,448.0,0.0,290.0,121.0,720.0,130.0,519.0,176.0,343.0,40.0,252.0,,,,,,54.0,75.0,0.17337811218393773,-105.0,-18.0,0.1676300578034682,-0.234375,-0.0335195530726257,0.4888392857142857,0.37900874635568516,-0.10983053935860054,0.16025067750677507,0.11661807580174927,40.0,0.08737244897959184,-38.0,0.08202854486440159,1.0,,,,,,,92.0,2.0,2.0,3.0,91.0,12.0,94.0,88.0,,,31.0,63.0,1000,0.0,0.0,0.0,0.0,0.0,0.0,0.0,low
G21011100006001,1500000US211110006001,G2101110000600,,,,,,,,1241,139,977,0,0,125,0,1033,51,910,0,0,0,72,,-208,,-88,,-67,,72,,,,61064.57377049181,64037.46153846154,22186.5,30684.483870967742,69.0,990.0,449.0,945.0,297.0,648.0,28.0,388.0,42.0,1065.0,493.0,914.0,223.0,691.0,49.0,418.0,211110000000.0,825.0,1095.0,850.0,1095.0,53.0,449.0,-0.07030321975617379,43.0,-31.0,-0.08096280087527352,0.06635802469135803,-0.0328042328042328,0.6929012345679012,0.7134587554269175,0.0205575208590163,-0.03026034997865984,0.027701845598613564,21.0,0.006154973111075379,30.0,0.38302498685992575,2.0,,,,,,,43.0,90.0,53.0,87.0,15.0,47.0,72.0,61.0,,40.0,8.0,63.0,1000,0.0,0.0,0.0,0.0,0.0,0.0,0.0,low
G21011100006002,1500000US211110006002,G2101110000600,,,,,,,,601,20,496,8,0,77,0,296,17,251,0,0,28,0,,-305,,-3,,-245,,0,,,,,,,,,,,,,,,,,,,,,,,,211110000000.0,800.0,1102.5,850.0,1095.0,75.0,380.0,,,,,,,,,,,,,,,,,,,,,,,,,,,,,,,,49.0,,75.0,1000,,,,,,,,low
G21011100008001,1500000US211110008001,G2101110000800,,,,,,,,1129,0,1126,0,0,3,0,1130,9,1109,0,0,8,4,,1,,9,,-17,,4,,,,90185.5671641791,119299.0,26032.834586466164,42710.86440677966,182.0,1464.0,374.0,919.0,36.0,883.0,117.0,591.0,339.0,1361.0,347.0,992.0,70.0,922.0,102.0,369.0,211110000000.0,800.0,1152.5,850.0,1095.0,84.0,73.0,0.031391501983221604,39.0,73.0,0.034274193548387094,0.044167610419026046,0.0794341675734494,0.42355605889014725,0.37635574837310193,-0.04720031051704532,0.12476461778746742,-0.02187376401195884,-15.0,-0.26909225353323685,-222.0,0.6406536239808476,2.0,,,,,,,68.0,22.0,45.0,21.0,86.0,70.0,50.0,3.0,,57.0,30.0,76.0,1000,1.0,0.0,1.0,0.0,1.0,0.0,0.0,high
G21011100008003,1500000US211110008003,G2101110000800,,,,,,,,1166,20,1139,0,0,7,0,791,182,594,4,0,6,5,,-375,,162,,-545,,5,,,,,,,,,,,,,,,,,,,,,,,,211110000000.0,825.0,1170.0,850.0,1095.0,68.0,73.0,,,,,,,,,,,,,,,,,,,,,,,,,,,,,,,,54.0,,72.0,1000,,,,,,,,low
G21011100009001,1500000US211110009001,G2101110000900,,,,,,,,1166,48,1118,0,0,0,0,1021,43,888,0,0,90,0,,-145,,-5,,-230,,0,,,,76594.74468085106,102172.91304347826,25534.714285714286,25804.084745762713,159.0,1488.0,445.0,1025.0,192.0,833.0,116.0,468.0,131.0,1216.0,475.0,981.0,210.0,771.0,96.0,563.0,211110000000.0,700.0,1150.0,850.0,1095.0,115.0,97.0,0.02675020511673007,-62.0,-44.0,0.01834862385321101,-0.0744297719087635,-0.042926829268292686,0.5342136854741897,0.6160830090791181,0.08186932360492838,0.0008754244482173101,-0.014742083603869555,-20.0,0.16839576297445047,95.0,0.010549186375628636,2.0,,,,,,,22.0,29.0,25.0,23.0,25.0,8.0,54.0,97.0,,89.0,34.0,88.0,1000,0.0,0.0,0.0,0.0,0.0,0.0,0.0,low
G21011100009002,1500000US211110009002,G2101110000900,,,,,,,,1012,47,915,0,0,50,0,941,16,848,2,0,75,0,,-71,,-31,,-67,,0,,,,,,,,,,,,,,,,,,,,,,,,211110000000.0,700.0,1152.5,850.0,1095.0,89.0,110.0,,,,,,,,,,,,,,,,,,,,,,,,,,,,,,,,90.0,,80.0,1000,,,,,,,,low
G21011100010001,1500000US211110010001,G2101110001000,,,,,,,,535,19,455,0,0,61,0,679,0,679,0,0,0,0,,144,,-19,,224,,0,,,,,,,,,,,,,,,,,,,,,,,,211110000000.0,775.0,1100.0,750.0,1145.0,84.0,297.0,,,,,,,,,,,,,,,,,,,,,,,,,,,,,,,,55.0,,76.0,1000,,,,,,,,low
G21011100010002,1500000US211110010002,G2101110001000,,,,,,,,764,0,735,0,0,0,29,341,11,330,0,0,0,0,,-423,,11,,-405,,-29,,,,,,,,,,,,,,,,,,,,,,,,211110000000.0,700.0,1155.0,750.0,1145.0,84.0,84.0,,,,,,,,,,,,,,,,,,,,,,,,,,,,,,,,91.0,,76.0,1000,,,,,,,,low
G21011100010003,1500000US211110010003,G2101110001000,,,,,,,,1400,59,1291,0,0,37,13,1218,236,869,44,12,57,0,,-182,,177,,-422,,-13,,,,58239.740740740745,103697.97959183673,21364.74074074074,61896.590361445786,158.0,1527.0,678.0,1325.0,312.0,1013.0,81.0,699.0,104.0,1689.0,424.0,1400.0,327.0,1073.0,363.0,697.0,211110000000.0,775.0,1170.0,750.0,1145.0,74.0,118.0,-0.001900269541778965,60.0,75.0,0.010714285714285714,0.059230009871668314,0.05660377358490566,0.6692991115498519,0.3951537744641193,-0.2741453370857326,-0.04189596150289461,0.2583433077356896,282.0,-0.0404489999070794,-2.0,1.8971374430682542,3.0,,,,,,,100.0,33.0,51.0,38.0,12.0,99.0,100.0,38.0,,71.0,85.0,74.0,1000,1.0,0.0,1.0,0.0,1.0,0.0,0.0,high
G21011100012001,1500000US211110012001,G2101110001200,,,,,,,,717,5,689,0,0,23,0,1558,0,1480,0,0,28,50,,841,,-5,,791,,50,,,,75965.38655462184,52585.206896551725,24782.95061728395,35832.333333333336,155.0,1797.0,485.0,1339.0,250.0,1089.0,95.0,682.0,272.0,1801.0,622.0,1547.0,320.0,1227.0,77.0,677.0,211110000000.0,725.0,1100.0,750.0,1145.0,49.0,232.0,0.020145474171744865,138.0,208.0,0.04524886877828054,0.12672176308539945,0.1553398058252427,0.44536271808999084,0.5069274653626732,0.06156474727268235,0.0647723378806741,-0.02448131010033655,-18.0,-0.07451038502383245,-5.0,0.4458461337667922,3.0,,,,,,,29.0,20.0,63.0,25.0,59.0,54.0,48.0,31.0,,72.0,3.0,60.0,1000,1.0,0.0,1.0,0.0,1.0,0.0,0.0,high
G21011100012002,1500000US211110012002,G2101110001200,,,,,,,,1093,51,1032,0,0,10,0,546,55,465,0,0,26,0,,-547,,4,,-567,,0,,,,,,,,,,,,,,,,,,,,,,,,211110000000.0,774.5,1195.0,750.0,1145.0,82.0,68.0,,,,,,,,,,,,,,,,,,,,,,,,,,,,,,,,75.0,,75.0,1000,,,,,,,,low
G21011100012003,1500000US211110012003,G2101110001200,,,,,,,,915,0,915,0,0,0,0,993,63,930,0,0,0,0,,78,,63,,15,,0,,,,,,,,,,,,,,,,,,,,,,,,,,,,,40.0,174.0,,,,,,,,,,,,,,,,,,,,,,,,,,,,,,,,,,49.0,1000,,,,,,,,low
G21011100015001,1500000US211110015001,G2101110001500,,,,,,,,1165,181,957,0,0,27,0,883,105,760,0,0,18,0,,-282,,-76,,-197,,0,,,,,,,,,,,,,,,,,,,,,,,,211110000000.0,775.0,1195.0,750.0,1145.0,56.0,482.0,,,,,,,,,,,,,,,,,,,,,,,,,,,,,,,,75.0,,64.0,1000,,,,,,,,low
G21011100015002,1500000US211110015002,G2101110001500,,,,,,,,774,0,774,0,0,0,0,820,15,621,0,0,184,0,,46,,15,,-153,,0,,,,,,,,,,,,,,,,,,,,,,,,211110000000.0,800.0,1195.0,750.0,1145.0,65.0,422.0,,,,,,,,,,,,,,,,,,,,,,,,,,,,,,,,66.0,,69.0,1000,,,,,,,,low
G21011100015003,1500000US211110015003,G2101110001500,,,,,,,,960,57,895,0,0,8,0,1745,7,1601,0,0,137,0,,785,,-50,,706,,0,,,,74069.79646017699,79229.76923076923,22425.900584795323,30790.13924050633,187.0,1936.0,538.0,1521.0,359.0,1162.0,93.0,722.0,156.0,1866.0,729.0,1470.0,245.0,1225.0,115.0,750.0,211110000000.0,800.0,1180.0,750.0,1145.0,55.0,579.0,-0.06936226166995399,63.0,-51.0,-0.07755102040816327,0.05421686746987952,-0.03353057199211045,0.4629948364888124,0.5951020408163266,0.13210720432751416,-0.01298962291727565,0.013843127612490777,22.0,-0.009097614949594268,28.0,0.3729722525115415,3.0,,,,,,,12.0,89.0,48.0,85.0,20.0,46.0,64.0,54.0,,64.0,10.0,63.0,1000,1.0,0.0,1.0,0.0,1.0,0.0,0.0,high
G21011100018001,1500000US211110018001,G2101110001800,,,,,,,,1609,63,1488,0,0,45,13,988,27,930,0,0,7,24,,-621,,-36,,-558,,11,,,,58483.84848484849,58969.58823529412,17325.38888888889,14622.36301369863,71.0,913.0,385.0,839.0,224.0,615.0,15.0,439.0,33.0,580.0,411.0,680.0,182.0,498.0,39.0,389.0,211110000000.0,750.0,1100.0,750.0,1145.0,90.0,84.0,0.0006625534600013805,-117.0,-159.0,-0.061764705882352944,-0.1902439024390244,-0.18951132300357568,0.6260162601626016,0.8253012048192772,0.19928494465667557,-0.02086905616195188,0.05392300910960917,24.0,0.06730335978058577,-50.0,-0.1560153075076868,1.0,,,,,,,5.0,83.0,8.0,35.0,17.0,3.0,81.0,81.0,,63.0,6.0,81.0,1000,1.0,0.0,1.0,0.0,1.0,0.0,0.0,high
G21011100024011,1500000US211110024011,G2101110002401,,,,,,,,877,62,778,12,0,25,0,343,137,206,0,0,0,0,,-534,,75,,-572,,0,,,,,,,,,,,,,,,,,,,,,,,,211110000000.0,776.0,1050.0,850.0,1095.0,118.0,365.0,,,,,,,,,,,,,,,,,,,,,,,,,,,,,,,,47.0,,88.0,1000,,,,,,,,low
G21011100024012,1500000US211110024012,G2101110002401,,,,,,,,1547,35,1349,0,0,163,0,1507,13,1494,0,0,0,0,,-40,,-22,,145,,0,,,,58225.23085023755,150960.53846153847,16643.7085673942,30109.29411764706,137.972424493,1284.7021403605,627.5081770203001,1497.0465025616,520.0203309652,977.0261715964,33.3167014317,755.3832290309,220.0,1461.0,629.0,1210.0,374.0,836.0,31.0,551.0,211110000000.0,750.0,1095.0,850.0,1095.0,87.0,612.0,-0.03827327103001027,-141.0261715964,-287.04650256159994,-0.12067795947537185,-0.1443422660479729,-0.19174187446444313,0.6422634267769826,0.7523923444976076,0.11012891772062505,0.043185362510042694,0.0029812281700900972,-2.3167014316999968,-0.11405442825113044,-204.3832290309,0.8090495874598869,2.0,,,,,,,16.0,99.0,11.0,65.0,45.0,81.0,61.0,18.0,,61.0,98.0,80.0,1000,1.0,0.0,1.0,0.0,1.0,0.0,0.0,high
G21011100024021,1500000US211110024021,G2101110002402,,,,,,,,788,42,704,0,0,42,0,1380,883,390,0,0,80,27,,592,,841,,-314,,27,,,,,,,,,,,,,,,,,,,,,,,,211110000000.0,850.0,1078.5,850.0,1095.0,96.0,343.0,,,,,,,,,,,,,,,,,,,,,,,,,,,,,,,,30.0,,83.0,1000,,,,,,,,low
G21011100024022,1500000US211110024022,G2101110002402,,,,,,,,1605,127,1400,0,0,78,0,1599,21,1565,0,0,13,0,,-6,,-106,,165,,0,,,,83629.85680943549,79277.35051546391,18848.65082584465,55780.25,100.027575507,1420.2978596394998,690.4918229796999,1251.9534974384,272.9796690348,978.9738284036,70.6832985683,674.6167709691,363.0,1590.0,676.0,1357.0,237.0,1120.0,53.0,337.0,211110000000.0,837.5,1095.0,850.0,1095.0,84.0,375.0,-0.04339301495446696,141.0261715964,105.04650256159994,-0.0265141260389094,0.1440550988236014,0.08390607380907816,0.7053220453356511,0.6035714285714285,-0.10175061676422259,0.1578747050375011,-0.024879989400655875,-17.683298568300003,-0.38821317551706486,-337.6167709691,1.9593762712987373,2.0,,,,,,,90.0,56.0,65.0,71.0,89.0,100.0,45.0,1.0,,37.0,5.0,76.0,1000,0.0,0.0,0.0,0.0,0.0,0.0,0.0,low
G21011100027001,1500000US211110027001,G2101110002700,,,,,,,,1030,102,818,0,0,105,5,1124,256,553,0,0,312,3,,94,,154,,-265,,-2,,,,,,,,,,,,,,,,,,,,,,,,211110000000.0,745.0,950.0,750.0,1145.0,34.0,163.0,,,,,,,,,,,,,,,,,,,,,,,,,,,,,,,,32.0,,43.0,1000,,,,,,,,low
G21011100027002,1500000US211110027002,G2101110002700,,,,,,,,1340,67,1237,0,0,36,0,911,120,686,0,0,96,9,,-429,,53,,-551,,9,,,,55539.54054054054,81135.36363636363,18063.516129032258,29936.185929648243,161.0,1992.0,1099.0,1683.0,383.0,1300.0,51.0,916.0,104.0,1777.0,874.0,1700.0,509.0,1191.0,53.0,717.0,211110000000.0,627.0,1105.0,750.0,1145.0,85.0,128.0,0.07184194890077245,-109.0,17.0,0.07411764705882352,-0.08384615384615385,0.010101010101010102,0.8453846153846154,0.7338371116708649,-0.11154750371375055,-0.0222976882205242,0.005269650584512051,2.0,-0.10260027126525872,-199.0,0.6572734630293741,3.0,,,,,,,94.0,13.0,21.0,11.0,16.0,72.0,62.0,24.0,,96.0,54.0,78.0,1000,1.0,0.0,1.0,0.0,1.0,0.0,0.0,high
G21011100027003,1500000US211110027003,G2101110002700,,,,,,,,1056,65,918,0,10,63,0,997,116,881,0,0,0,0,,-59,,51,,-37,,0,,,,,,,,,,,,,,,,,,,,,,,,211110000000.0,750.0,1155.0,750.0,1145.0,70.0,172.0,,,,,,,,,,,,,,,,,,,,,,,,,,,,,,,,74.0,,73.0,1000,,,,,,,,low
G21011100028001,1500000US211110028001,G2101110002800,,,,,,,,583,67,492,0,0,24,0,1003,45,954,0,0,4,0,,420,,-22,,462,,0,,,,50587.23529411765,62082.333333333336,21138.240506329115,44071.58064516129,98.0,1158.0,350.0,935.0,217.0,718.0,44.0,474.0,108.0,1109.0,358.0,877.0,314.0,563.0,92.0,260.0,211110000000.0,750.0,1195.0,750.0,1145.0,56.0,60.0,0.1259532070317502,-155.0,-58.0,0.11060433295324971,-0.21587743732590528,-0.06203208556149733,0.48746518105849584,0.6358792184724689,0.14841403741397302,0.012756361439065833,0.10212896490646509,48.0,-0.19835540800625384,-214.0,1.0849219040707563,2.0,,,,,,,9.0,5.0,5.0,4.0,29.0,93.0,91.0,8.0,,82.0,14.0,64.0,1000,0.0,1.0,0.0,0.0,0.0,1.0,0.0,medium
G21011100028002,1500000US211110028002,G2101110002800,,,,,,,,1017,188,794,0,0,35,0,696,129,487,0,0,30,50,,-321,,-59,,-307,,50,,,,,,,,,,,,,,,,,,,,,,,,211110000000.0,800.0,1195.0,750.0,1145.0,44.0,79.0,,,,,,,,,,,,,,,,,,,,,,,,,,,,,,,,66.0,,54.0,1000,,,,,,,,low
G21011100030001,1500000US211110030001,G2101110003000,,,,,,,,2216,304,1787,0,0,125,0,620,238,281,0,0,82,19,,-1596,,-66,,-1506,,19,,,,,,,,,,,,,,,,,,,,,,,,211110000000.0,1050.0,1111.0,850.0,1095.0,48.0,833.0,,,,,,,,,,,,,,,,,,,,,,,,,,,,,,,,10.0,,59.0,1000,,,,,,,,low
G21011100030002,1500000US211110030002,G2101110003000,,,,,,,,1315,13,1284,0,0,18,0,1263,137,1068,0,1,57,0,,-52,,124,,-216,,0,,,,,112499.0,12843.971264367814,13611.99421965318,5.0,1626.0,1341.0,1431.0,90.0,1341.0,0.0,1315.0,33.0,937.0,625.0,872.0,230.0,642.0,0.0,545.0,211110000000.0,1037.5,1066.5,850.0,1095.0,45.0,1695.0,0.20086838612890195,-699.0,-559.0,0.16055045871559634,-0.5212527964205816,-0.39063591893780575,1.0,0.9735202492211839,-0.026479750778816147,0.03214375260081309,0.0,0.0,-0.13170182664631636,-770.0,0.0597963775749048,2.0,,,,,,,60.0,3.0,1.0,1.0,36.0,11.0,59.0,15.0,,7.0,,56.0,1000,0.0,0.0,0.0,0.0,0.0,0.0,0.0,low
G21011100035011,1500000US211110035011,G2101110003501,,,,,,,,1656,831,762,0,8,47,9,2951,2196,308,0,92,219,136,,1295,,1365,,-454,,127,,,,7499.5,28386.09677419355,15852.658536585366,29999.0,27.4864672373,432.35470086780003,118.77124182,222.091152836,38.5737265452,183.5174262908,2.6300268099,142.8981233379,95.0,242.0,550.0,725.0,133.0,592.0,0.0,359.0,211110000000.0,850.0,981.0,750.0,1145.0,34.0,69.0,0.009764065335753164,408.4825737092,502.908847164,0.13024313579972419,2.225851691391543,2.264425398049808,0.6471932623542584,0.9290540540540541,0.2818607916997956,0.3289881003095624,-0.014331210191082803,-2.6300268099,-0.17224350146324663,216.1018766621,0.8923639798818079,1.0,,,,,,,2.0,4.0,100.0,31.0,100.0,85.0,56.0,10.0,,18.0,100.0,43.0,1000,0.0,1.0,0.0,0.0,0.0,1.0,0.0,medium
G21011100035021,1500000US211110035021,G2101110003502,,,,,,,,2385,665,1657,0,5,42,15,1769,205,1313,0,0,91,160,,-616,,-460,,-344,,145,,2000.0,,69776.777778,74999.0,11760.834327162647,11319.180555555555,17.513532762700002,677.6452991322,847.22875818,970.908847164,136.4262734548,834.4825737092,26.369973190099998,669.1018766620999,21.0,822.0,699.0,791.0,68.0,723.0,5.0,629.0,211110000000.0,925.0,995.0,750.0,1145.0,9.0,,-0.054546857121069145,-111.48257370919998,-179.908847164,-0.08650603470897601,-0.13359484933720062,-0.18529942093895752,1.015274356676071,0.966804979253112,-0.04846937742295887,-0.00029724485766884773,-0.02468475877557755,-21.369973190099998,0.06816969258895089,-40.101876662099926,-0.037552928586627184,1.0,,,,,,,71.0,92.0,15.0,78.0,24.0,5.0,46.0,82.0,,11.0,11.0,8.0,1000,0.0,0.0,0.0,0.0,0.0,0.0,0.0,low
G21011100037001,1500000US211110037001,G2101110003700,,,,,,,,880,621,197,0,7,27,28,1006,477,350,6,0,33,140,,126,,-144,,153,,112,,,,76908.09090909091,95415.66666666667,29999.0,35999.0,72.0,1196.0,486.0,946.0,260.0,686.0,27.0,359.0,138.0,938.0,529.0,930.0,208.0,722.0,6.0,365.0,211110000000.0,762.5,1200.0,950.0,1050.0,51.0,40.0,-0.05118552365364068,36.0,-16.0,-0.05591397849462366,0.052478134110787174,-0.016913319238900635,0.7084548104956269,0.7326869806094183,0.024232170113791418,0.08692086628491559,-0.031048351275611157,-21.0,-0.017783448955363768,6.0,0.2000066668888963,2.0,,,,,,,39.0,77.0,47.0,75.0,64.0,22.0,43.0,49.0,,78.0,16.0,61.0,1000,1.0,0.0,1.0,0.0,1.0,0.0,0.0,high
G21011100037002,1500000US211110037002,G2101110003700,,,,,,,,1011,419,415,0,46,37,94,607,206,250,0,0,54,97,,-404,,-213,,-165,,3,,,,,,,,,,,,,,,,,,,,,,,,211110000000.0,750.0,1125.0,950.0,1050.0,65.0,40.0,,,,,,,,,,,,,,,,,,,,,,,,,,,,,,,,68.0,,69.0,1000,,,,,,,,low
G21011100039001,1500000US211110039001,G2101110003900,,,,,,,,1438,740,438,0,0,15,245,567,411,12,0,0,33,111,,-871,,-329,,-426,,-134,,,,,,,,,,,,,,,,,,,,,,,,211110000000.0,762.5,1100.0,750.0,1145.0,60.0,,,,,,,,,,,,,,,,,,,,,,,,,,,,,,,,,58.0,,66.0,1000,,,,,,,,low
G21011100039002,1500000US211110039002,G2101110003900,,,,,,,,687,510,117,0,0,23,37,786,296,250,0,0,180,60,,99,,-214,,133,,23,,,,,,,,,,,,,,,,,,,,,,,,211110000000.0,725.0,1050.0,750.0,1145.0,40.0,160.0,,,,,,,,,,,,,,,,,,,,,,,,,,,,,,,,59.0,,49.0,1000,,,,,,,,low
G21011100039003,1500000US211110039003,G2101110003900,,,,,,,,1872,1143,590,23,30,63,23,1986,829,1018,0,0,139,0,,114,,-314,,428,,-23,,,,72901.0979020979,86919.28985507246,33837.38383838384,39843.96124031008,163.0,2643.0,565.0,1854.0,346.0,1508.0,143.0,688.0,301.0,2003.0,775.0,1697.0,269.0,1428.0,71.0,623.0,211110000000.0,740.0,1100.0,750.0,1145.0,46.0,288.0,-0.028108490203220482,-80.0,-157.0,-0.04537418974661167,-0.05305039787798409,-0.08468176914778856,0.3746684350132626,0.5427170868347339,0.16804865182147127,0.08860224608225761,-0.04510769825171448,-72.0,-0.019958911946741542,-65.0,0.17751305569648107,3.0,,,,,,,8.0,70.0,29.0,57.0,65.0,21.0,39.0,47.0,,65.0,12.0,56.0,1000,1.0,0.0,1.0,0.0,1.0,0.0,0.0,high
G21011100040001,1500000US211110040001,G2101110004000,,,,,,,,1032,605,313,0,0,84,30,1028,334,205,0,0,14,475,,-4,,-271,,-108,,445,,,,73391.85714285714,91665.66666666667,28351.941176470587,54511.19512195122,107.0,1299.0,366.0,840.0,136.0,704.0,67.0,390.0,144.0,1087.0,399.0,751.0,100.0,651.0,141.0,296.0,211110000000.0,750.0,1175.0,750.0,1145.0,42.0,,-0.028748969627797855,-53.0,-89.0,-0.047936085219707054,-0.07528409090909091,-0.10595238095238095,0.5198863636363636,0.6129032258064516,0.09301686217008798,0.050103646354530726,0.12141940720569754,74.0,-0.09929217288088255,-94.0,0.9226618305483196,2.0,,,,,,,19.0,74.0,24.0,58.0,52.0,86.0,95.0,26.0,,77.0,18.0,51.0,1000,1.0,0.0,1.0,0.0,1.0,0.0,0.0,high
G21011100040002,1500000US211110040002,G2101110004000,,,,,,,,824,732,53,0,0,39,0,577,382,74,0,16,99,6,,-247,,-350,,21,,6,,,,,,,,,,,,,,,,,,,,,,,,211110000000.0,850.0,1100.0,750.0,1145.0,66.0,,,,,,,,,,,,,,,,,,,,,,,,,,,,,,,,,35.0,,70.0,1000,,,,,,,,low
G21011100043011,1500000US211110043011,G2101110004301,,,,,,,,1294,635,652,0,0,7,0,954,370,560,0,0,24,0,,-340,,-265,,-92,,0,,,,,,,,,,,,,,,,,,,,,,,,211110000000.0,745.0,1195.0,750.0,1145.0,44.0,656.0,,,,,,,,,,,,,,,,,,,,,,,,,,,,,,,,85.0,,54.0,1000,,,,,,,,low
G21011100043012,1500000US211110043012,G2101110004301,,,,,,,,634,92,412,5,0,16,109,620,18,343,0,182,77,0,,-14,,-74,,-69,,-109,,,,,,,,,,,,,,,,,,,,,,,,211110000000.0,649.0,1100.0,750.0,1145.0,11.0,951.0,,,,,,,,,,,,,,,,,,,,,,,,,,,,,,,,93.0,,10.0,1000,,,,,,,,low
G21011100043013,1500000US211110043013,G2101110004301,,,,,,,,1250,286,822,0,0,129,13,1345,64,1052,0,0,48,181,,95,,-222,,230,,168,,,,67296.2972972973,94799.0,19596.989949748742,26097.484848484848,108.0,2290.0,1404.0,2084.0,308.0,1776.0,51.0,1304.0,178.0,2760.0,1512.0,1938.0,208.0,1730.0,154.0,1019.0,211110000000.0,700.0,1125.0,750.0,1145.0,28.0,953.0,-0.04046556495110419,-46.0,-146.0,-0.05159958720330237,-0.0259009009009009,-0.07005758157389635,0.7905405405405406,0.8739884393063584,0.08344789876581782,0.017331181570786655,0.06030112482424621,103.0,-0.14521689319377185,-285.0,0.33170884484836155,4.0,,,,,,,21.0,75.0,32.0,68.0,31.0,40.0,83.0,12.0,,86.0,48.0,34.0,1000,0.0,1.0,0.0,0.0,0.0,1.0,0.0,medium
G21011100043014,1500000US211110043014,G2101110004301,,,,,,,,1072,245,705,0,0,111,11,1166,237,792,0,16,95,26,,94,,-8,,87,,15,,,,,,,,,,,,,,,,,,,,,,,,211110000000.0,674.0,1150.0,750.0,1145.0,24.0,953.0,,,,,,,,,,,,,,,,,,,,,,,,,,,,,,,,95.0,,28.0,1000,,,,,,,,low
G21011100043021,1500000US211110043021,G2101110004302,,,,,,,,1561,654,667,11,0,132,97,1146,630,189,0,16,56,255,,-415,,-24,,-478,,158,,,,74299.0,111490.93548387097,23499.0,47404.660377358494,40.0,972.0,349.0,746.0,198.0,548.0,26.0,308.0,50.0,794.0,226.0,491.0,70.0,421.0,13.0,149.0,211110000000.0,730.0,1150.0,756.0,1150.0,46.0,,-0.12284935815182674,-127.0,-255.0,-0.2606924643584521,-0.23175182481751824,-0.3418230563002681,0.6368613138686131,0.5368171021377672,-0.10004421173084588,0.021820028816950172,-0.01656639561697037,-13.0,-0.2081245557154498,-159.0,1.0173054333102896,1.0,,,,,,,89.0,100.0,3.0,97.0,33.0,91.0,52.0,6.0,,80.0,61.0,56.0,1000,1.0,0.0,1.0,0.0,1.0,0.0,0.0,high
G21011100049001,1500000US211110049001,G2101110004900,,,,,,,,922,475,267,0,57,63,60,1130,412,239,0,224,32,223,,208,,-63,,-28,,163,,,,,,,,,,,,,,,,,,,,,,,,211110000000.0,1025.0,1373.0,1035.0,1392.0,11.0,989.0,,,,,,,,,,,,,,,,,,,,,,,,,,,,,,,,42.0,,10.0,1000,,,,,,,,low
G21011100049002,1500000US211110049002,G2101110004900,,,,,,,,875,218,608,0,20,0,29,819,148,558,0,0,85,28,,-56,,-70,,-50,,-1,,,,,,,,,,,,,,,,,,,,,,,,211110000000.0,1030.0,1065.0,1035.0,1392.0,49.0,2277.0,,,,,,,,,,,,,,,,,,,,,,,,,,,,,,,,8.0,,60.0,1000,,,,,,,,low
G21011100049003,1500000US211110049003,G2101110004900,,,,,,,,2149,985,1001,0,4,23,136,2680,1879,562,36,33,92,78,,531,,894,,-439,,-58,,,,279940.8604651163,291345.1538461539,18124.0,46490.596638655465,712.0,3026.0,1530.0,2117.0,396.0,1721.0,193.0,1163.0,1234.0,3964.0,1868.0,2725.0,620.0,2105.0,454.0,1126.0,211110000000.0,1045.0,1446.0,1035.0,1392.0,7.0,1042.0,0.040465779426486354,384.0,608.0,0.08220183486238532,0.2231260894828588,0.28719886632026453,0.8890180127832655,0.8874109263657958,-0.0016070864174697608,0.07600759779189176,0.10353285735382817,261.0,-0.14085303661214488,-37.0,1.5651399601994849,3.0,,,,,,,49.0,10.0,77.0,19.0,61.0,98.0,92.0,13.0,,50.0,7.0,6.0,1000,1.0,0.0,1.0,0.0,0.0,0.0,0.0,high
G21011100050001,1500000US211110050001,G2101110005000,,,,,,,,805,231,532,0,35,6,0,460,125,288,0,0,8,39,,-345,,-106,,-244,,39,,,,,,,,,,,,,,,,,,,,,,,,211110000000.0,995.0,975.0,1035.0,1392.0,43.0,792.0,,,,,,,,,,,,,,,,,,,,,,,,,,,,,,,,5.0,,52.0,1000,,,,,,,,low
G21011100050002,1500000US211110050002,G2101110005000,,,,,,,,1015,526,452,0,8,17,13,1626,696,861,0,0,55,14,,611,,170,,409,,1,,,,83535.58536585367,177499.0,15999.0,21745.031746031746,226.0,1289.0,831.0,1210.0,238.0,972.0,53.0,781.0,238.0,1366.0,1049.0,1348.0,218.0,1130.0,59.0,782.0,211110000000.0,995.0,1050.0,1035.0,1392.0,60.0,1086.0,-0.03497314662677489,158.0,138.0,-0.01483679525222552,0.16255144032921812,0.1140495867768595,0.8549382716049383,0.9283185840707965,0.07338031246585819,-0.0010983805985322337,-0.0023143595906624445,6.0,-0.11146254415674273,1.0,0.3591494309664195,2.0,,,,,,,26.0,49.0,66.0,63.0,23.0,44.0,58.0,19.0,,9.0,96.0,66.0,1000,0.0,1.0,0.0,0.0,0.0,1.0,0.0,medium
G21011100053001,1500000US211110053001,G2101110005300,,,,,,,,1421,1112,222,0,14,72,0,2464,1826,302,4,76,158,98,,1043,,714,,80,,98,,,,154165.66666666666,574999.0,14775.932494343095,35931.835820895525,170.4642356245,431.214586256,511.56153847639996,644.6860642936,109.1408882036,535.54517609,21.6477794784,391.4640122344,309.0,698.0,530.0,702.0,99.0,603.0,28.0,299.0,211110000000.0,850.0,1050.0,950.0,1050.0,22.0,69.0,-0.028267437029627057,67.45482390999996,57.3139357064,-0.01444570969173783,0.12595543181340124,0.08890208565187528,0.9552164062260743,0.87893864013267,-0.07627776609340431,0.047381560241509635,0.006012545787059433,6.3522205216,-0.23510950403779513,-92.4640122344,1.4317812655581557,2.0,,,,,,,80.0,48.0,62.0,57.0,49.0,97.0,63.0,5.0,,24.0,99.0,25.0,1000,0.0,1.0,0.0,0.0,0.0,1.0,0.0,medium
G21011100053002,1500000US211110053002,G2101110005300,,,,,,,,648,430,85,94,8,14,17,658,469,100,0,26,33,30,,10,,39,,15,,13,,,,,,,,,,,,,,,,,,,,,,,,211110000000.0,850.0,1095.0,950.0,1050.0,31.0,15.0,,,,,,,,,,,,,,,,,,,,,,,,,,,,,,,,34.0,,40.0,1000,,,,,,,,low
G21011100059011,1500000US211110059011,G2101110005901,,,,,,,,1914,527,1306,0,0,66,15,2086,634,1298,0,9,14,131,,172,,107,,-8,,116,,,,,497057.82352941175,14975.673405909798,12349.43621013133,85.0,1772.0,1284.0,1420.0,136.0,1284.0,18.0,1157.0,208.0,2292.0,1486.0,1786.0,267.0,1519.0,45.0,1364.0,211110000000.0,1030.0,1416.0,1035.0,1392.0,15.0,844.0,0.05372143273977571,235.0,366.0,0.07334826427771557,0.18302180685358255,0.2577464788732394,1.0,0.978275181040158,-0.02172481895984202,0.042782039008978125,0.015606061538272228,27.0,-0.0031311590056583016,207.0,-0.17536688498709407,2.0,,,,,,,58.0,15.0,71.0,15.0,44.0,2.0,65.0,57.0,,48.0,,16.0,1000,0.0,0.0,0.0,0.0,0.0,0.0,0.0,low
G21011100059012,1500000US211110059012,G2101110005901,,,,,,,,453,0,453,0,0,0,0,456,72,296,0,45,13,30,,3,,72,,-157,,30,,,,,,,,,,,,,,,,,,,,,,,,211110000000.0,1035.0,1434.0,1035.0,1392.0,41.0,934.0,,,,,,,,,,,,,,,,,,,,,,,,,,,,,,,,51.0,,50.0,1000,,,,,,,,low
G21011100059021,1500000US211110059021,G2101110005902,,,,,,,,733,593,126,0,0,9,5,963,840,80,0,0,29,14,,230,,247,,-46,,9,,,,129735.84210526316,248025.31578947368,35175.470588235294,49374.0,641.0,1545.0,668.0,1291.0,267.0,1024.0,110.0,475.0,701.0,1543.0,872.0,1330.0,239.0,1091.0,197.0,601.0,211110000000.0,1129.0,1473.0,1035.0,1392.0,41.0,921.0,-0.027117173258475402,67.0,39.0,-0.021052631578947368,0.0654296875,0.030209140201394268,0.65234375,0.7992667277726856,0.1469229777726856,0.039423054739328056,0.07314641097616864,87.0,0.0870035732699358,126.0,0.4036485987059833,3.0,,,,,,,10.0,51.0,52.0,54.0,42.0,48.0,87.0,87.0,,36.0,91.0,50.0,1000,0.0,1.0,0.0,0.0,0.0,1.0,0.0,medium
G21011100059022,1500000US211110059022,G2101110005902,,,,,,,,609,178,308,0,20,103,0,276,68,181,0,10,0,17,,-333,,-110,,-127,,17,,,,,,,,,,,,,,,,,,,,,,,,211110000000.0,1089.0,1473.0,1035.0,1392.0,66.0,943.0,,,,,,,,,,,,,,,,,,,,,,,,,,,,,,,,46.0,,70.0,1000,,,,,,,,low
G21011100059023,1500000US211110059023,G2101110005902,,,,,,,,749,220,379,0,24,126,0,687,275,226,0,89,16,81,,-62,,55,,-153,,81,,,,,,,,,,,,,,,,,,,,,,,,211110000000.0,1050.0,1469.0,1035.0,1392.0,62.0,1093.0,,,,,,,,,,,,,,,,,,,,,,,,,,,,,,,,52.0,,67.0,1000,,,,,,,,low
G21011100062001,1500000US211110062001,G2101110006200,,,,,,,,801,59,731,0,0,11,0,724,225,471,0,0,28,0,,-77,,166,,-260,,0,,,,,,,,,,,,,,,,,,,,,,,,211110000000.0,1049.0,1425.0,1035.0,1392.0,171.0,502.0,,,,,,,,,,,,,,,,,,,,,,,,,,,,,,,,47.0,,97.0,1000,,,,,,,,low
G21011100062002,1500000US211110062002,G2101110006200,,,,,,,,1236,223,916,19,43,29,6,1444,531,794,0,0,42,77,,208,,308,,-122,,71,,,,76584.36585365854,171427.57142857142,18730.884057971016,40302.030303030304,110.0,1071.0,533.0,975.0,288.0,687.0,56.0,449.0,438.0,1503.0,668.0,1200.0,218.0,982.0,214.0,655.0,211110000000.0,1032.5,1171.0,1035.0,1392.0,116.0,545.0,-0.11371794871794874,295.0,225.0,-0.058333333333333334,0.4294032023289665,0.23076923076923078,0.7758369723435226,0.6802443991853361,-0.09559257315818648,0.18870941590208937,0.1364087786859245,158.0,0.013439879994189385,206.0,1.1516352446738671,2.0,,,,,,,87.0,79.0,94.0,96.0,96.0,95.0,96.0,63.0,,16.0,97.0,88.0,1000,0.0,1.0,0.0,0.0,0.0,1.0,0.0,medium
G21011100063001,1500000US211110063001,G2101110006300,,,,,,,,1028,967,40,0,0,10,11,1113,936,63,0,44,40,30,,85,,-31,,23,,19,,,,112774.73529411765,230568.9481865285,35565.03773584906,70812.95348837209,403.0,1403.0,353.0,1038.0,162.0,876.0,131.0,360.0,842.0,1563.0,242.0,1080.0,112.0,968.0,347.0,429.0,211110000000.0,999.5,1350.0,1200.0,1395.0,215.0,22.0,-0.052365660458146016,92.0,42.0,-0.046296296296296294,0.1050228310502283,0.04046242774566474,0.4029680365296804,0.25,-0.15296803652968038,0.2514659884745648,0.2089276953847315,216.0,0.03222291407222916,69.0,0.9910833221749581,2.0,,,,,,,97.0,72.0,57.0,76.0,99.0,89.0,98.0,69.0,,44.0,94.0,99.0,1000,0.0,1.0,0.0,0.0,0.0,1.0,1.0,medium
G21011100063002,1500000US211110063002,G2101110006300,,,,,,,,943,851,25,0,0,67,0,630,543,18,0,0,22,47,,-313,,-308,,-7,,47,,,,,,,,,,,,,,,,,,,,,,,,211110000000.0,1000.0,1340.0,1200.0,1395.0,248.0,52.0,,,,,,,,,,,,,,,,,,,,,,,,,,,,,,,,42.0,,100.0,1000,,,,,,,,low
G21011100064001,1500000US211110064001,G2101110006400,,,,,,,,702,627,27,0,18,0,30,1029,811,19,0,54,100,45,,327,,184,,-8,,15,,,,165339.9090909091,306642.3566433566,54793.520547945205,69767.9075630252,618.0,1377.0,420.0,1037.0,185.0,852.0,296.0,339.0,916.0,1599.0,620.0,1298.0,91.0,1207.0,298.0,417.0,211110000000.0,1119.0,1350.0,1200.0,1395.0,151.0,,-0.10829137030042511,355.0,261.0,-0.0724191063174114,0.4166666666666667,0.25168756027000966,0.49295774647887325,0.5136702568351285,0.02071251035625521,0.12405629335328044,-0.10052471692902515,2.0,-0.052402651201325645,78.0,0.273287550523007,2.0,,,,,,,42.0,86.0,93.0,94.0,85.0,32.0,25.0,36.0,,21.0,88.0,93.0,1000,,,,,,,,low
G21011100064002,1500000US211110064002,G2101110006400,,,,,,,,989,957,7,7,0,6,12,1014,885,0,0,55,43,31,,25,,-72,,-7,,19,,,,,,,,,,,,,,,,,,,,,,,,211110000000.0,1250.0,1400.0,1200.0,1395.0,147.0,,,,,,,,,,,,,,,,,,,,,,,,,,,,,,,,,13.0,,91.0,1000,,,,,,,,low
G21011100066001,1500000US211110066001,G2101110006600,,,,,,,,573,411,138,0,0,14,10,975,662,242,0,0,49,22,,402,,251,,104,,12,,,,180768.23076923078,299999.0,32327.76712328767,48317.58407079646,491.0,1303.0,770.0,1377.0,295.0,1082.0,207.0,522.0,798.0,1428.0,788.0,1349.0,165.0,1184.0,248.0,618.0,211110000000.0,1015.0,1000.0,950.0,1050.0,161.0,1043.0,-0.09192101737051517,102.0,-28.0,-0.09636767976278725,0.09426987060998152,-0.020334059549745823,0.711645101663586,0.6655405405405406,-0.046104561123045396,0.1820008126043971,0.01814707498626167,41.0,0.03951953339661285,96.0,0.49461556953589736,2.0,,,,,,,67.0,94.0,57.0,93.0,93.0,59.0,66.0,72.0,,6.0,77.0,95.0,1000,1.0,0.0,1.0,0.0,1.0,0.0,0.0,high
G21011100066002,1500000US211110066002,G2101110006600,,,,,,,,1345,832,359,0,0,100,54,717,585,117,0,0,15,0,,-628,,-247,,-242,,-54,,,,,,,,,,,,,,,,,,,,,,,,211110000000.0,900.0,1000.0,950.0,1050.0,147.0,612.0,,,,,,,,,,,,,,,,,,,,,,,,,,,,,,,,12.0,,91.0,1000,,,,,,,,low
G21011100070001,1500000US211110070001,G2101110007000,,,,,,,,1273,1204,44,0,0,7,18,1092,981,57,0,12,3,39,,-181,,-223,,13,,21,,,,128755.8306010929,232648.25373134328,46380.57894736842,80893.30894308943,589.0,1551.0,234.0,1045.0,84.0,961.0,252.0,317.0,685.0,1335.0,209.0,884.0,58.0,826.0,284.0,275.0,211110000000.0,1200.0,1500.0,1200.0,1395.0,136.0,,-0.014771915391110432,-135.0,-161.0,-0.029411764705882353,-0.1404786680541103,-0.15406698564593302,0.24349635796045785,0.25302663438256656,0.009530276422108713,0.13335361745593638,0.0815988188252249,32.0,0.0030650578367469317,-42.0,0.7441202929977488,2.0,,,,,,,46.0,59.0,15.0,46.0,87.0,77.0,88.0,60.0,,26.0,86.0,89.0,1000,0.0,0.0,0.0,0.0,0.0,0.0,0.0,low
G21011100070002,1500000US211110070002,G2101110007000,,,,,,,,791,725,51,0,0,0,15,643,560,56,0,5,21,1,,-148,,-165,,5,,-14,,,,,,,,,,,,,,,,,,,,,,,,211110000000.0,950.0,1560.0,1200.0,1395.0,103.0,64.0,,,,,,,,,,,,,,,,,,,,,,,,,,,,,,,,88.0,,85.0,1000,,,,,,,,low
G21011100071011,1500000US211110071011,G2101110007101,,,,,,,,105,87,12,0,2,4,0,115,115,0,0,0,0,0,,10,,28,,-12,,0,,,,133424.57519738024,52999.0,17717.679140699485,21784.714285714286,18.731384808500003,48.791253144500004,36.754250994299994,91.15970685740001,17.3416988624,73.818007995,8.411922015600002,50.3991718471,33.0,115.0,41.0,101.0,17.0,84.0,12.0,55.0,211110000000.0,900.0,1299.0,950.0,1050.0,22.0,,-0.021917422684579968,10.181992004999998,9.84029314259999,-0.003383157053465429,0.1379337140293689,0.1079456426729524,0.49790358738465973,0.4880952380952381,-0.009808349289421647,-0.09695214223851323,0.028902265936462793,3.588077984399998,-0.027987104809225172,4.6008281529,0.22954672069167162,1.0,,,,,,,54.0,41.0,64.0,50.0,3.0,26.0,73.0,43.0,,59.0,2.0,25.0,1000,1.0,0.0,1.0,0.0,0.0,0.0,0.0,high
G21011100074001,1500000US211110074001,G2101110007400,,,,,,,,1306,1160,61,0,15,41,29,1381,1194,62,0,44,26,55,,75,,34,,1,,26,,,,149999.0,255786.03703703705,39290.0447761194,58857.26771653543,668.0,1677.0,493.0,1160.0,113.0,1047.0,202.99999999999997,414.99999999999994,1092.0,1815.0,668.0,1480.0,217.0,1263.0,282.0,403.0,211110000000.0,1127.0,1350.0,1099.0,1350.0,113.0,100.0,0.04920782851817335,216.0,320.0,0.07027027027027027,0.20630372492836677,0.27586206896551724,0.4708691499522445,0.5288994457640538,0.058030295811809296,0.20332254074325962,0.029390612699557866,79.00000000000003,-0.07728903075635168,-11.999999999999943,0.49801986869480597,2.0,,,,,,,31.0,15.0,74.0,16.0,98.0,60.0,74.0,30.0,,21.0,80.0,87.0,1000,0.0,1.0,0.0,0.0,0.0,1.0,0.0,medium
G21011100074002,1500000US211110074002,G2101110007400,,,,,,,,715,664,6,0,17,28,0,1130,788,9,0,47,45,241,,415,,124,,3,,241,,,,,,,,,,,,,,,,,,,,,,,,211110000000.0,1100.0,1385.0,1099.0,1350.0,63.0,12.0,,,,,,,,,,,,,,,,,,,,,,,,,,,,,,,,29.0,,68.0,1000,,,,,,,,low
G21011100076011,1500000US211110076011,G2101110007601,,,,,,,,1270,949,182,0,80,7,52,1045,833,102,0,81,19,10,,-225,,-116,,-80,,-42,,,,165864.38461538462,314863.86486486485,41603.477611940296,55195.07843137255,841.0,1584.0,693.0,1107.0,17.0,1090.0,221.0,351.0,750.0,1276.0,598.0,1047.0,118.0,929.0,101.0,347.0,211110000000.0,1051.5,1283.0,1099.0,1350.0,149.0,8.0,0.09734614060562764,-161.0,-60.0,0.0964660936007641,-0.14770642201834863,-0.05420054200542006,0.6357798165137615,0.643702906350915,0.007923089837153507,0.056839951236502984,-0.09403324083309468,-120.0,0.051501565262045634,-4.0,0.3266938630998346,2.0,,,,,,,47.0,8.0,10.0,6.0,56.0,39.0,29.0,80.0,,24.0,90.0,92.0,1000,0.0,0.0,0.0,0.0,0.0,0.0,0.0,low
G21011100076012,1500000US211110076012,G2101110007601,,,,,,,,792,759,14,0,13,6,0,574,407,125,0,20,22,0,,-218,,-352,,111,,0,,,,,,,,,,,,,,,,,,,,,,,,211110000000.0,985.0,1195.0,1099.0,1350.0,160.0,8.0,,,,,,,,,,,,,,,,,,,,,,,,,,,,,,,,23.0,,94.0,1000,,,,,,,,low
G21011100076021,1500000US211110076021,G2101110007602,,,,,,,,2324,1651,437,0,105,41,90,2243,1421,571,0,60,66,125,,-81,,-230,,134,,35,,,,115540.82509505704,161823.32432432432,29374.0,54775.35782747604,855.0,2616.0,1289.0,2195.0,265.0,1930.0,285.0,1051.0,1229.0,3055.0,1480.0,2450.0,197.0,2253.0,462.0,968.0,211110000000.0,1051.5,1319.0,1099.0,1350.0,62.0,,-0.04032076611965971,323.0,255.0,-0.027755102040816326,0.16735751295336787,0.11617312072892938,0.6678756476683938,0.656901908566356,-0.010973739102037805,0.0754564633102599,0.05739152632414121,177.0,-0.1149102290785573,-83.0,0.864756513497516,2.0,,,,,,,56.0,57.0,67.0,67.0,60.0,84.0,82.0,17.0,,28.0,46.0,67.0,1000,0.0,0.0,0.0,0.0,0.0,0.0,0.0,low
G21011100076022,1500000US211110076022,G2101110007602,,,,,,,,1382,819,275,0,61,95,132,1311,564,409,0,216,38,84,,-71,,-255,,134,,-48,,,,,,,,,,,,,,,,,,,,,,,,211110000000.0,1039.0,1300.0,1099.0,1350.0,114.0,,,,,,,,,,,,,,,,,,,,,,,,,,,,,,,,,26.0,,87.0,1000,,,,,,,,low
G21011100076031,1500000US211110076031,G2101110007603,,,,,,,,1437,1064,257,0,0,94,22,1528,721,577,0,61,76,93,,91,,-343,,320,,71,,,,140539.54054054053,190424.53191489363,41196.916666666664,62044.454545454544,896.0,1744.0,838.0,1382.0,80.0,1302.0,259.0,587.0,809.0,1791.0,796.0,1440.0,80.0,1360.0,205.0,462.0,211110000000.0,950.0,1249.5,1099.0,1350.0,46.0,,-0.002331564560218685,58.0,58.0,0.0,0.0445468509984639,0.041968162083936326,0.6436251920122887,0.5852941176470589,-0.058331074365229885,-0.0620585086492606,-0.04818943706514864,-54.0,-0.1111389717177193,-125.0,0.5060460725124141,3.0,,,,,,,74.0,39.0,46.0,39.0,8.0,62.0,36.0,20.0,,38.0,37.0,56.0,1000,0.0,0.0,0.0,0.0,0.0,0.0,0.0,low
G21011100076032,1500000US211110076032,G2101110007603,,,,,,,,475,259,165,0,0,40,11,567,356,130,0,81,0,0,,92,,97,,-35,,-11,,,,,,,,,,,,,,,,,,,,,,,,211110000000.0,925.0,1200.0,1099.0,1350.0,83.0,,,,,,,,,,,,,,,,,,,,,,,,,,,,,,,,,36.0,,76.0,1000,,,,,,,,low
G21011100076033,1500000US211110076033,G2101110007603,,,,,,,,502,449,6,0,32,6,9,436,386,0,0,0,40,10,,-66,,-63,,-6,,1,,,,,,,,,,,,,,,,,,,,,,,,211110000000.0,950.0,1194.5,1099.0,1350.0,127.0,,,,,,,,,,,,,,,,,,,,,,,,,,,,,,,,,29.0,,89.0,1000,,,,,,,,low
G21011100077001,1500000US211110077001,G2101110007700,,,,,,,,2315,1937,111,0,226,10,31,2095,1797,154,8,106,10,20,,-220,,-140,,43,,-11,,,,226784.7142857143,446295.2962962963,40369.37037037037,78550.13636363637,797.0,1578.0,442.0,980.0,116.0,864.0,259.0,432.0,945.0,1526.0,506.0,1045.0,134.0,911.0,259.0,565.0,211110000000.0,1500.0,1700.0,1085.0,1499.0,95.0,,0.009862318132994818,47.0,65.0,0.01722488038277512,0.05439814814814815,0.0663265306122449,0.5115740740740741,0.5554335894621295,0.04385951538805544,0.11419634655410982,-0.015465554742448318,0.0,0.12019758507135014,133.0,0.9457855211259195,1.0,,,,,,,35.0,30.0,49.0,30.0,80.0,87.0,53.0,93.0,,15.0,92.0,82.0,1000,0.0,0.0,0.0,0.0,0.0,0.0,0.0,low
G21011100079001,1500000US211110079001,G2101110007900,,,,,,,,803,759,24,7,12,1,0,954,864,71,0,16,3,0,,151,,105,,47,,0,,,,226665.66666666666,381033.4827586207,51715.41791044776,91249.0,818.0,1283.0,345.0,1002.0,143.0,859.0,283.0,350.0,946.0,1359.0,377.0,971.0,85.0,886.0,311.0,387.0,211110000000.0,950.0,1150.0,1099.0,1350.0,175.0,8.0,-0.05517595087888075,27.0,-31.0,-0.05973223480947477,0.03143189755529686,-0.03093812375249501,0.40162980209545984,0.4255079006772009,0.02387809858174106,0.05853187405117122,0.02156294920073476,28.0,0.02934405852781724,37.0,0.7644447959022586,2.0,,,,,,,40.0,82.0,42.0,79.0,57.0,79.0,67.0,67.0,,22.0,79.0,97.0,1000,,,,,,,,low
G21011100079002,1500000US211110079002,G2101110007900,,,,,,,,866,842,0,0,4,0,20,850,801,11,0,0,38,0,,-16,,-41,,11,,-20,,,,,,,,,,,,,,,,,,,,,,,,211110000000.0,1099.0,1250.0,1099.0,1350.0,158.0,8.0,,,,,,,,,,,,,,,,,,,,,,,,,,,,,,,,16.0,,94.0,1000,,,,,,,,low
G21011100082011,1500000US211110082011,G2101110008201,,,,,,,,699,644,34,0,21,0,0,687,593,5,0,0,81,8,,-12,,-51,,-29,,8,,,,,,,,,,,,,,,,,,,,,,,,211110000000.0,1291.5,1350.0,1200.0,1395.0,164.0,,,,,,,,,,,,,,,,,,,,,,,,,,,,,,,,,8.0,,95.0,1000,,,,,,,,low
G21011100082012,1500000US211110082012,G2101110008201,,,,,,,,1344,1170,49,0,49,50,26,1054,1039,0,0,4,3,8,,-290,,-131,,-49,,-18,,,,359301.32558139536,667667.2692307692,58081.191780821915,93806.3394495413,1137.0,1676.0,625.0,1144.0,34.0,1110.0,440.0,373.0,1120.0,1460.0,515.0,1139.0,139.0,1000.0,239.0,232.0,211110000000.0,1400.0,1300.0,1200.0,1395.0,228.0,,0.09231659473099332,-110.0,-5.0,0.09218612818261633,-0.0990990990990991,-0.004370629370629371,0.5630630630630631,0.515,-0.04806306306306307,0.08872233301729493,-0.1573963963963964,-201.0,-0.10403603603603603,-141.0,0.6150897833421459,2.0,,,,,,,70.0,8.0,18.0,8.0,66.0,69.0,15.0,23.0,,1.0,89.0,100.0,1000,,,,,,,,low
G21011100082021,1500000US211110082021,G2101110008202,,,,,,,,888,844,6,0,15,0,23,847,717,86,0,24,20,0,,-41,,-127,,80,,-23,,,,,,,,,,,,,,,,,,,,,,,,211110000000.0,1199.0,1395.0,1200.0,1395.0,100.0,,,,,,,,,,,,,,,,,,,,,,,,,,,,,,,,,18.0,,84.0,1000,,,,,,,,low
G21011100082022,1500000US211110082022,G2101110008202,,,,,,,,1303,1161,0,0,41,44,57,1522,1209,173,0,69,28,43,,219,,48,,173,,-14,,,,398989.64425375,476897.7341772152,44661.38664862976,58262.59832635983,1157.2339743063,1597.7570288366,670.4186115128,1372.7573073334001,239.1166096067,1133.6406977267,300.1126789458,446.2397703149,1258.0,1859.0,880.0,1534.0,141.0,1393.0,167.0,336.0,211110000000.0,1324.0,1350.0,1200.0,1395.0,140.0,,-0.0822705385131706,259.35930227330005,161.24269266659985,-0.06396128396786192,0.22878439596725456,0.11745899424845604,0.5913854476618532,0.6317300789662599,0.040344631304406686,-0.04757867266010263,-0.14484836821287111,-133.11267894579998,-0.15242818853048157,-110.2397703149,0.3045407386191705,2.0,,,,,,,37.0,84.0,78.0,92.0,10.0,37.0,16.0,11.0,,6.0,13.0,90.0,1000,0.0,0.0,0.0,0.0,0.0,0.0,0.0,low
G21011100083001,1500000US211110083001,G2101110008300,,,,,,,,816,731,0,0,25,60,0,637,610,0,0,14,13,0,,-179,,-121,,0,,0,,,,,,,,,,,,,,,,,,,,,,,,211110000000.0,1395.0,1299.0,1200.0,1395.0,197.0,20.0,,,,,,,,,,,,,,,,,,,,,,,,,,,,,,,,3.0,,98.0,1000,,,,,,,,low
G21011100083002,1500000US211110083002,G2101110008300,,,,,,,,489,462,27,0,0,0,0,533,467,5,0,0,27,34,,44,,5,,-22,,34,,,,,,,,,,,,,,,,,,,,,,,,211110000000.0,1199.5,1350.0,1200.0,1395.0,167.0,,,,,,,,,,,,,,,,,,,,,,,,,,,,,,,,,14.0,,96.0,1000,,,,,,,,low
G21011100083003,1500000US211110083003,G2101110008300,,,,,,,,876,847,0,0,7,22,0,1273,1129,21,0,0,107,16,,397,,282,,21,,16,,,,249595.7741935484,460868.5652173913,55228.88505747126,87499.0,997.0,1715.0,499.0,1357.0,228.0,1129.0,415.0,299.0,1378.0,1860.0,502.0,1395.0,201.0,1194.0,320.0,334.0,211110000000.0,1350.0,1475.0,1200.0,1395.0,64.0,20.0,-0.023931664566841787,65.0,38.0,-0.01935483870967742,0.05757307351638618,0.02800294767870302,0.4419840566873339,0.4204355108877722,-0.021548545799561725,0.15951910718204332,-0.09957523074480762,-95.0,0.01489585512445607,35.0,0.584297780209548,3.0,,,,,,,57.0,50.0,50.0,51.0,90.0,67.0,26.0,64.0,,11.0,87.0,69.0,1000,,,,,,,,low
G21011100085001,1500000US211110085001,G2101110008500,,,,,,,,1173,1133,0,0,0,0,40,1141,1013,58,0,11,45,14,,-32,,-120,,58,,-26,,,,330980.59509202454,422630.5789473684,57395.694214876035,100772.19587628866,992.0,1644.0,592.0,1167.0,48.0,1119.0,393.0,369.0,1092.0,1469.0,455.0,1149.0,125.0,1024.0,284.0,375.0,211110000000.0,1400.0,1300.0,1200.0,1395.0,188.0,4.0,0.06765914699492798,-95.0,-18.0,0.0670147954743255,-0.08489722966934764,-0.015424164524421594,0.5290437890974083,0.4443359375,-0.08470785159740835,0.13995650582434382,-0.0738626843163539,-109.0,0.03645222436327078,6.0,0.7557448734572522,2.0,,,,,,,83.0,17.0,20.0,12.0,88.0,78.0,32.0,70.0,,1.0,23.0,98.0,1000,,,,,,,,low
G21011100085002,1500000US211110085002,G2101110008500,,,,,,,,853,778,24,0,0,3,48,808,649,53,0,25,73,8,,-45,,-129,,29,,-40,,,,,,,,,,,,,,,,,,,,,,,,211110000000.0,1450.0,1350.0,1200.0,1395.0,205.0,4.0,,,,,,,,,,,,,,,,,,,,,,,,,,,,,,,,3.0,,99.0,1000,,,,,,,,low
G21011100091031,1500000US211110091031,G2101110009103,,,,,,,,1639,1023,300,0,255,50,11,1553,692,203,0,226,17,415,,-86,,-331,,-97,,404,,,,90999.0,126085.95652173914,34742.58974358974,43778.06976744186,70.0,1119.0,309.0,637.0,27.0,610.0,53.0,275.0,108.0,963.0,279.0,583.0,50.0,533.0,36.0,220.0,,,,,,17.0,,0.04337710806713502,-77.0,-54.0,0.03945111492281304,-0.12622950819672132,-0.0847723704866562,0.5065573770491804,0.5234521575984991,0.0168947805493187,0.04959367926970844,-0.019343032017962045,-17.0,-0.03806169839756407,-55.0,0.2600692720530205,1.0,,,,,,,44.0,21.0,16.0,18.0,51.0,30.0,51.0,39.0,,,42.0,19.0,1000,0.0,0.0,0.0,0.0,0.0,0.0,0.0,low
G21011100091051,1500000US211110091051,G2101110009105,,,,,,,,1926,753,353,0,0,238,582,1700,777,218,0,0,55,650,,-226,,24,,-135,,68,,,,90089.90909090909,126070.42857142857,24715.748768472906,35106.75862068965,180.0,1891.0,794.0,1403.0,86.0,1317.0,161.0,822.0,274.0,1474.0,592.0,1161.0,40.0,1121.0,216.0,613.0,,,,,,37.0,158.0,-0.026844162533466186,-196.0,-242.0,-0.03962101636520241,-0.14882308276385725,-0.17248752672843906,0.6028853454821564,0.528099910793934,-0.07478543468822241,0.09070100676847481,0.0704375703166646,55.0,-0.0773126012204366,-209.0,0.42042059698678386,2.0,,,,,,,79.0,66.0,9.0,52.0,67.0,50.0,85.0,29.0,,,45.0,46.0,1000,0.0,0.0,0.0,0.0,0.0,0.0,0.0,low
G21011100091052,1500000US211110091052,G2101110009105,,,,,,,,1440,1249,89,0,0,0,102,875,527,11,0,17,0,320,,-565,,-722,,-78,,218,,,,,,,,,,,,,,,,,,,,,,,,,,,,,32.0,,,,,,,,,,,,,,,,,,,,,,,,,,,,,,,,,,,41.0,1000,,,,,,,,low
G21011100094011,1500000US211110094011,G2101110009401,,,,,,,,1216,1141,12,25,16,22,0,617,579,0,0,0,12,26,,-599,,-562,,-12,,26,,,,,,,,,,,,,,,,,,,,,,,,,,,,,25.0,,,,,,,,,,,,,,,,,,,,,,,,,,,,,,,,,,,30.0,1000,,,,,,,,low
G21011100094012,1500000US211110094012,G2101110009401,,,,,,,,1848,1612,7,4,7,7,211,1917,1675,111,0,9,61,61,,69,,63,,104,,-150,,,,174073.07407407407,289999.0,53710.34020618557,92230.30841121495,658.0,2041.0,318.0,1331.0,115.0,1216.0,411.0,511.0,999.0,1973.0,249.0,1280.0,71.0,1209.0,410.0,382.0,,,,,,85.0,4.0,-0.03093245210368145,-7.0,-51.0,-0.034375,-0.005756578947368421,-0.03831705484598046,0.26151315789473684,0.20595533498759305,-0.05555782290714378,0.18394454483891176,0.0011298212964171994,-1.0,-0.10426665687170783,-129.0,0.7171797470870092,2.0,,,,,,,73.0,62.0,35.0,61.0,95.0,75.0,60.0,22.0,,,78.0,78.0,1000,,,,,,,,low
G21011100096001,1500000US211110096001,G2101110009600,,,,,,,,853,840,1,1,7,2,2,571,473,8,0,3,28,59,,-282,,-367,,7,,57,,,,,,,,,,,,,,,,,,,,,,,,211110000000.0,829.0,1095.5,1200.0,1395.0,150.0,,,,,,,,,,,,,,,,,,,,,,,,,,,,,,,,,39.0,,92.0,1000,,,,,,,,low
G21011100096002,1500000US211110096002,G2101110009600,,,,,,,,1050,1022,12,0,0,17,0,1154,995,117,0,0,42,0,,104,,-27,,105,,0,,,,,,,,,,,,,,,,,,,,,,,,211110000000.0,731.0,1096.0,1200.0,1395.0,75.0,8.0,,,,,,,,,,,,,,,,,,,,,,,,,,,,,,,,67.0,,75.0,1000,,,,,,,,low
G21011100096003,1500000US211110096003,G2101110009600,,,,,,,,1898,1836,0,0,0,61,0,1938,1887,0,0,0,4,47,,40,,51,,0,,47,,,,226187.42842044708,366240.29930394434,72228.44645605003,108505.94444444444,2064.3311807841,3423.9769372241,290.97959183570003,2234.7314662400004,130.7116968704,2104.0197693696,991.332784192,765.71334432,1897.0,3383.0,185.0,2211.0,179.0,2032.0,661.0,643.0,211110000000.0,729.0,1096.0,1200.0,1395.0,106.0,,0.02246783379457195,-72.0197693696,-23.731466240000373,0.021840028552510007,-0.03422960678319973,-0.010619381611844954,0.13829698564233664,0.09104330708661418,-0.04725367855572246,-0.04215962164018694,-0.1458660692902624,-330.33278419199996,-0.047491770489801965,-122.71334432000003,0.5022605326347249,4.0,,,,,,,69.0,27.0,30.0,24.0,11.0,61.0,15.0,37.0,,70.0,74.0,85.0,1000,,,,,,,,low
G21011100096004,1500000US211110096004,G2101110009600,,,,,,,,661,637,0,0,0,0,24,1114,1028,20,0,0,0,66,,453,,391,,20,,42,,,,,,,,,,,,,,,,,,,,,,,,211110000000.0,1200.0,1487.5,1200.0,1395.0,142.0,,,,,,,,,,,,,,,,,,,,,,,,,,,,,,,,,25.0,,90.0,1000,,,,,,,,low
G21011100103121,1500000US211110103121,G2101110010312,,,,,,,,2435,2267,25,0,0,0,143,2304,2110,84,0,103,7,0,,-131,,-157,,59,,-143,,,,327643.23076923075,445315.1592505855,95447.36956521739,140951.38095238095,1583.0,2349.0,65.0,1390.0,99.0,1291.0,796.0,401.0,1651.0,2316.0,139.0,1442.0,102.0,1340.0,393.0,384.0,,,,,,28.0,24.0,-0.00048793143016793994,49.0,52.0,0.0020804438280166435,0.037955073586367155,0.03741007194244604,0.05034856700232378,0.10373134328358209,0.053382776281258315,0.03896322324349244,-0.3232927153542898,-403.0,-0.02404476455830834,-17.0,0.4767445304615914,2.0,,,,,,,34.0,38.0,44.0,37.0,39.0,57.0,5.0,45.0,,,39.0,34.0,1000,,,,,,,,low
G21011100103122,1500000US211110103122,G2101110010312,,,,,,,,735,652,35,0,34,0,14,674,625,20,0,13,16,0,,-61,,-27,,-15,,-14,,,,,,,,,,,,,,,,,,,,,,,,,,,,,33.0,24.0,,,,,,,,,,,,,,,,,,,,,,,,,,,,,,,,,,42.0,1000,,,,,,,,low
G21011100103131,1500000US211110103131,G2101110010313,,,,,,,,1450,987,213,0,172,17,61,1946,1595,78,0,137,136,0,,496,,608,,-135,,-61,,,,,,,,,,,,,,,,,,,,,,,,,,,,,2.0,,,,,,,,,,,,,,,,,,,,,,,,,,,,,,,,,,,2.0,1000,,,,,,,,low
G21011100103132,1500000US211110103132,G2101110010313,,,,,,,,693,611,4,0,42,0,36,838,644,0,0,143,51,0,,145,,33,,-4,,-36,,,,,,,,,,,,,,,,,,,,,,,,,,,,,38.0,,,,,,,,,,,,,,,,,,,,,,,,,,,,,,,,,,,47.0,1000,,,,,,,,low
G21011100103133,1500000US211110103133,G2101110010313,,,,,,,,836,737,4,0,51,0,44,3079,2811,21,0,23,178,46,,2243,,2074,,17,,2,,,,376943.44444444444,581960.0778443114,132882.52272727274,145041.194092827,2102.0000001421,2896.0000001932,165.0,1601.0,60.0,1541.0,1228.0,447.0,3569.0,4789.0,614.0,2765.0,87.0,2678.0,692.0,719.0,211110000000.0,1473.5,2100.0,1461.0,1910.0,225.0,,-0.006011839345436226,1137.0,1164.0,0.00976491862567812,0.7378325762491889,0.7270455965021861,0.10707332900713822,0.2292755787901419,0.12220224978300369,0.01942080089090026,-0.5384833471374174,-536.0,-0.02158743897811327,272.0,0.09149940199817437,4.0,,,,,,,15.0,34.0,97.0,42.0,32.0,13.0,1.0,46.0,,57.0,69.0,100.0,1000,,,,,,,,low
G21011100103134,1500000US211110103134,G2101110010313,,,,,,,,926,816,5,0,56,0,49,228,209,0,0,0,0,19,,-698,,-607,,-5,,-30,,,,,,,,,,,,,,,,,,,,,,,,211110000000.0,1475.0,2099.5,1461.0,1910.0,112.0,,,,,,,,,,,,,,,,,,,,,,,,,,,,,,,,,56.0,,86.0,1000,,,,,,,,low
G21011100103151,1500000US211110103151,G2101110010315,,,,,,,,2184,1811,24,0,268,81,0,2601,2014,130,0,149,81,227,,417,,203,,106,,227,,,,426770.6535433071,554360.9791666666,91931.62411347518,104307.51063829787,1387.0,2200.0,419.0,1273.0,24.0,1249.0,720.0,410.0,1910.0,2824.0,762.0,2067.0,190.0,1877.0,584.0,556.0,,,,,,44.0,,0.07306755505187378,628.0,794.0,0.0803096274794388,0.5028022417934348,0.6237234878240377,0.3354683746997598,0.40596696856686204,0.07049859386710222,0.04589106361061035,-0.2653263793773431,-136.0,-0.03204524194742048,146.0,0.13462055787839233,2.0,,,,,,,29.0,11.0,95.0,10.0,46.0,15.0,8.0,42.0,,,27.0,54.0,1000,,,,,,,,low
G21011100103152,1500000US211110103152,G2101110010315,,,,,,,,849,623,46,0,126,8,46,1461,1168,155,0,69,6,63,,612,,545,,109,,17,,,,,,,,,,,,,,,,,,,,,,,,211110000000.0,1133.0,1702.0,1110.0,1671.0,93.0,,,,,,,,,,,,,,,,,,,,,,,,,,,,,,,,,69.0,,82.0,1000,,,,,,,,low
G21011100103161,1500000US211110103161,G2101110010316,,,,,,,,2179,1911,152,0,14,41,61,3565,2853,137,0,201,187,187,,1386,,942,,-15,,126,,,,370218.1235059761,482365.8639053254,118749.0,151588.59537572254,2071.0,3229.0,225.0,1792.0,18.0,1774.0,1157.0,685.0,3300.0,4454.0,196.0,2302.0,8.0,2294.0,705.0,863.0,,,,,,22.0,,-0.006569403934466924,520.0,510.0,-0.004344048653344918,0.29312288613303267,0.2845982142857143,0.12683201803833147,0.08544027898866609,-0.04139173904966538,0.0995320111311625,-0.34487496916125493,-452.0,-0.009934253269889892,178.0,0.27654628986957813,3.0,,,,,,,65.0,43.0,89.0,43.0,71.0,33.0,4.0,53.0,,,28.0,25.0,1000,,,,,,,,low
G21011100103162,1500000US211110103162,G2101110010316,,,,,,,,680,551,44,0,47,36,3,774,641,69,0,54,0,10,,94,,90,,25,,7,,,,,,,,,,,,,,,,,,,,,,,,,,,,,20.0,,,,,,,,,,,,,,,,,,,,,,,,,,,,,,,,,,,22.0,1000,,,,,,,,low
G21011100103163,1500000US211110103163,G2101110010316,,,,,,,,2002,1620,130,0,139,104,8,2417,2074,48,4,82,92,117,,415,,454,,-82,,109,,,,,,,,,,,,,,,,,,,,,,,,,,,,,36.0,,,,,,,,,,,,,,,,,,,,,,,,,,,,,,,,,,,45.0,1000,,,,,,,,low
G21011100103211,1500000US211110103211,G2101110010321,,,,,,,,1867,1723,40,0,22,29,53,2638,1705,104,0,47,17,765,,771,,-18,,64,,712,,,,,,,,,,,,,,,,,,,,,,,,,,,,,46.0,,,,,,,,,,,,,,,,,,,,,,,,,,,,,,,,,,,56.0,1000,,,,,,,,low
G21011100103212,1500000US211110103212,G2101110010321,,,,,,,,1683,1479,64,0,17,60,63,3599,2606,225,0,565,170,33,,1916,,1127,,161,,-30,,,,293745.77812530514,383542.5056746532,99251.16925957249,150870.55963302753,1326.9159423035,2324.4680835289,93.6624555377,1352.3332213742,81.0748568414,1271.2583645328,818.8393830809,381.34554478760003,2738.0,4418.0,76.0,2247.0,0.0,2247.0,907.0,946.0,,,,,,28.0,,-0.05995183403023568,975.7416354672,894.6667786257999,-0.03608137821157103,0.7675399924120025,0.6615727281451139,0.07367696303978451,0.03382287494437027,-0.039854088095414235,0.04889030429387964,-0.24046789361702842,88.1606169191,0.12103092953260991,564.6544552124,0.5200884861966147,2.0,,,,,,,64.0,64.0,98.0,80.0,50.0,63.0,9.0,94.0,,,29.0,34.0,1000,,,,,,,,low
G21011100103221,1500000US211110103221,G2101110010322,,,,,,,,628,496,45,0,4,48,34,863,737,20,0,27,25,54,,235,,241,,-25,,20,,,,,,,,,,,,,,,,,,,,,,,,,,,,,90.0,,,,,,,,,,,,,,,,,,,,,,,,,,,,,,,,,,,81.0,1000,,,,,,,,low
G21011100103222,1500000US211110103222,G2101110010322,,,,,,,,1139,899,82,0,8,87,62,2253,1769,80,0,289,95,20,,1114,,870,,-2,,-42,,,,423894.5823293173,542967.75,133711.12121212122,175199.0,727.0840576964999,1132.5319164711,4.3375444622999995,664.6667786257999,101.9251431586,562.7416354672,414.1606169191,163.6544552124,1352.0,2145.0,0.0,1188.0,12.0,1176.0,454.0,373.0,,,,,,72.0,,-0.1432467220804154,613.2583645328,523.3332213742001,-0.0756945649483164,1.0897689559146622,0.7873617851883506,0.007707879049501781,0.0,-0.007707879049501781,-0.01169570467483183,-0.34991496598639454,39.83938308090001,0.026360544217687076,209.3455447876,0.3102799409038073,2.0,,,,,,,52.0,88.0,99.0,100.0,21.0,38.0,3.0,66.0,,,24.0,74.0,1000,,,,,,,,low
G21011100103231,1500000US211110103231,G2101110010323,,,,,,,,1432,931,262,0,170,60,10,1521,1138,177,0,87,18,101,,89,,207,,-85,,91,,,,,,,,,,,,,,,,,,,,,,,,211110000000.0,1485.0,1899.0,1110.0,1671.0,48.0,,,,,,,,,,,,,,,,,,,,,,,,,,,,,,,,,33.0,,59.0,1000,,,,,,,,low
G21011100103232,1500000US211110103232,G2101110010323,,,,,,,,747,485,137,0,88,31,5,1526,1139,271,0,64,30,22,,779,,654,,134,,17,,,,190962.85542168675,241476.27272727274,63389.41095890411,84576.1144278607,713.0,1501.0,317.99999999999994,1019.0,155.0,864.0,319.0,234.0,1076.0,2231.0,384.0,1400.0,24.0,1376.0,434.0,552.0,211110000000.0,1200.0,1950.0,1110.0,1671.0,98.0,,-0.13496705453525865,512.0,381.0,-0.09357142857142857,0.5925925925925926,0.37389597644749756,0.36805555555555547,0.27906976744186046,-0.08898578811369501,0.007278279443765412,-0.05380598621877691,115.0,0.1303294573643411,318.0,0.334230956692311,2.0,,,,,,,85.0,93.0,96.0,99.0,27.0,41.0,34.0,95.0,,88.0,21.0,84.0,1000,,,,,,,,low
G21011100104071,1500000US211110104071,G2101110010407,,,,,,,,1229,1092,67,0,46,14,11,1462,1248,26,0,137,41,10,,233,,156,,-41,,-1,,,,,,,,,,,,,,,,,,,,,,,,,,,,,19.0,,,,,,,,,,,,,,,,,,,,,,,,,,,,,,,,,,,21.0,1000,,,,,,,,low
G21011100104072,1500000US211110104072,G2101110010407,,,,,,,,1499,1232,21,0,27,177,41,2508,1832,218,0,275,62,121,,1009,,600,,197,,80,,,,174182.0065359477,308332.3333333333,59630.147540983606,87418.61414790998,959.0,2116.0,59.0,1263.0,0.0,1263.0,540.0,465.0,1423.0,2572.0,644.0,1842.0,87.0,1755.0,450.0,648.0,211110000000.0,1087.0,1448.5,994.0,1419.0,66.0,,0.04723127035830619,492.0,579.0,0.04723127035830619,0.38954869358669836,0.4584323040380047,0.04671417260490895,0.36695156695156694,0.320237394346658,0.10005233031601041,-0.17114318777026616,-90.0,0.0010597478530970372,183.0,0.46601371542519576,2.0,,,,,,,1.0,19.0,92.0,17.0,73.0,57.0,13.0,57.0,,41.0,84.0,70.0,1000,,,,,,,,low
G21011100104081,1500000US211110104081,G2101110010408,,,,,,,,1496,1439,28,0,7,11,11,1881,1679,112,0,2,52,36,,385,,240,,84,,25,,,,185538.21568627452,286229.46875,71028.41176470589,73256.87401574804,1227.0,2666.0,425.0,1659.0,184.0,1475.0,706.0,534.0,1461.0,3012.0,596.0,1805.0,78.0,1727.0,508.0,705.0,211110000000.0,1081.0,1695.0,994.0,1419.0,40.0,158.0,-0.06769689046066199,252.0,146.0,-0.058725761772853186,0.17084745762711864,0.08800482218203737,0.288135593220339,0.34510712217718587,0.05697152895684687,0.024819700941171585,-0.18449235963216315,-198.0,0.04618845259242538,171.0,0.0313742373745357,2.0,,,,,,,32.0,81.0,70.0,83.0,35.0,9.0,11.0,76.0,,77.0,67.0,49.0,1000,,,,,,,,low
G21011100104082,1500000US211110104082,G2101110010408,,,,,,,,2016,1537,339,0,109,0,31,1868,1515,92,0,115,74,72,,-148,,-22,,-247,,41,,,,,,,,,,,,,,,,,,,,,,,,,,,,,56.0,158.0,,,,,,,,,,,,,,,,,,,,,,,,,,,,,,,,,,64.0,1000,,,,,,,,low
G21011100106011,1500000US211110106011,G2101110010601,,,,,,,,1578,1474,9,0,22,38,35,1504,1441,10,0,7,19,27,,-74,,-33,,1,,-8,,,,199329.35714285713,344259.20408163266,51159.71428571428,87433.55497382199,1371.0,2344.0,657.0,1656.0,135.0,1521.0,528.0,591.0,1733.0,2509.0,731.0,1705.0,57.0,1648.0,363.0,599.0,211110000000.0,1094.0,1393.0,1085.0,1499.0,86.0,,-0.04809065408644651,127.0,49.0,-0.04574780058651026,0.08349769888231427,0.029589371980676328,0.4319526627218935,0.44356796116504854,0.011615298443155064,0.10581582072457241,-0.1268730491564696,-165.0,-0.025089284004519263,8.0,0.70903133832076,2.0,,,,,,,45.0,71.0,56.0,73.0,76.0,74.0,18.0,44.0,,31.0,81.0,79.0,1000,,,,,,,,low
G21011100106012,1500000US211110106012,G2101110010601,,,,,,,,1600,1531,40,0,3,7,19,1491,1328,10,2,29,19,103,,-109,,-203,,-30,,84,,,,,,,,,,,,,,,,,,,,,,,,211110000000.0,1139.0,1500.0,1085.0,1499.0,153.0,8.0,,,,,,,,,,,,,,,,,,,,,,,,,,,,,,,,39.0,,93.0,1000,,,,,,,,low
G21011100107071,1500000US211110107071,G2101110010707,,,,,,,,1783,1450,5,0,280,0,48,1794,1616,67,0,42,69,0,,11,,166,,62,,-48,,,,,,,,,,,,,,,,,,,,,,,,211110000000.0,980.0,1575.0,994.0,1419.0,12.0,,,,,,,,,,,,,,,,,,,,,,,,,,,,,,,,,86.0,,12.0,1000,,,,,,,,low
G21011100107072,1500000US211110107072,G2101110010707,,,,,,,,1242,1186,38,0,18,0,0,1844,1451,117,0,200,23,53,,602,,265,,79,,53,,,,227172.91304347827,314965.7405764967,76480.9587628866,93812.99317406144,1199.0,2112.0,397.0,1509.0,226.0,1283.0,653.0,425.0,1267.0,2737.0,682.0,1838.0,161.0,1677.0,683.0,499.0,211110000000.0,1150.0,1555.0,994.0,1419.0,8.0,150.0,-0.06217284612960611,394.0,329.0,-0.03536452665941241,0.30709275136399067,0.21802518223989398,0.3094310210444271,0.40667859272510437,0.09724757168067727,-0.1047927323103155,-0.10168847146135113,30.0,-0.03369971337489325,74.0,0.2266189479254468,2.0,,,,,,,18.0,63.0,90.0,81.0,2.0,25.0,24.0,41.0,,44.0,43.0,7.0,1000,,,,,,,,low
G21011100107081,1500000US211110107081,G2101110010708,,,,,,,,872,794,44,0,19,7,8,930,826,7,0,21,52,24,,58,,32,,-37,,16,,,,,,,,,,,,,,,,,,,,,,,,211110000000.0,1114.0,1540.0,994.0,1419.0,21.0,,,,,,,,,,,,,,,,,,,,,,,,,,,,,,,,,49.0,,24.0,1000,,,,,,,,low
G21011100107082,1500000US211110107082,G2101110010708,,,,,,,,1993,1094,620,0,212,0,67,1700,872,193,0,259,156,220,,-293,,-222,,-427,,153,,,,191665.66666666666,303593.7712418301,56209.19108280255,85991.46231155779,1235.0,2162.0,591.0,1456.0,155.0,1301.0,497.0,362.0,1047.0,1713.0,596.0,1147.0,32.0,1115.0,306.0,399.0,211110000000.0,1150.0,1555.0,994.0,1419.0,6.0,,-0.07855717734749992,-186.0,-309.0,-0.10723626852659111,-0.14296694850115296,-0.21222527472527472,0.45426594926979247,0.5345291479820627,0.08026319871227028,0.03997806402905779,-0.1075743736277372,-191.0,0.07960003171068825,37.0,0.5298469993080411,2.0,,,,,,,24.0,96.0,12.0,89.0,43.0,65.0,21.0,85.0,,44.0,71.0,5.0,1000,,,,,,,,low
G21011100110061,1500000US211110110061,G2101110011006,,,,,,,,1289,573,436,0,49,97,135,1624,505,530,0,249,124,216,,335,,-68,,94,,81,,,,124390.04984934964,197499.0,30507.448866042672,47606.52688172043,343.9437919448,1555.4614093904001,877.7926829244,1297.3894165504998,204.53595658,1092.8534599705,137.94572591530002,560.0325644492,544.0,1909.0,1047.0,1370.0,65.0,1305.0,206.0,436.0,211110000000.0,677.0,1150.0,767.0,1369.0,25.0,,-0.11020668308060394,212.1465400295001,72.61058344950015,-0.10185106319708025,0.1941216712030419,0.055966683960284834,0.803211697703821,0.8022988505747126,-0.0009128471291083295,0.06384584461716794,0.03162913351318403,68.05427408469998,-0.17835020826682302,-124.03256444919998,0.5604886233116152,2.0,,,,,,,48.0,95.0,73.0,95.0,58.0,66.0,75.0,9.0,,94.0,72.0,30.0,1000,1.0,1.0,1.0,0.0,1.0,1.0,0.0,medium
G21011100110062,1500000US211110110062,G2101110011006,,,,,,,,1154,906,165,0,0,5,78,999,424,478,0,83,0,14,,-155,,-482,,313,,-64,,,,,,,,,,,,,,,,,,,,,,,,211110000000.0,655.0,1050.0,767.0,1369.0,15.0,242.0,,,,,,,,,,,,,,,,,,,,,,,,,,,,,,,,85.0,,16.0,1000,,,,,,,,low
G21011100110071,1500000US211110110071,G2101110011007,,,,,,,,1504,495,624,0,0,71,314,1444,557,801,0,0,29,57,,-60,,62,,177,,-257,,,,,,,,,,,,,,,,,,,,,,,,211110000000.0,752.0,1100.0,767.0,1369.0,19.0,92.0,,,,,,,,,,,,,,,,,,,,,,,,,,,,,,,,62.0,,21.0,1000,,,,,,,,low
G21011100110072,1500000US211110110072,G2101110011007,,,,,,,,1049,243,496,0,0,59,251,1800,613,968,0,36,32,151,,751,,370,,472,,-100,,2000.0,,115164.63146947618,148622.85321100918,18097.606934511212,38339.70796460177,212.0562080552,1459.5385906095999,1018.2073170756,1386.6105834495,194.46404342,1192.1465400294999,37.0542740847,856.9674355507999,661.0,2011.0,927.0,1312.0,85.0,1227.0,88.0,561.0,211110000000.0,710.0,1100.0,767.0,1369.0,18.0,167.0,-0.07545757960815638,34.853459970500126,-74.61058344949993,-0.08343295992378053,0.02923588569039312,-0.053807885458287526,0.8540957700136464,0.7555012224938875,-0.09859454751975893,0.18340229829711177,0.04063766209765217,50.9457259153,-0.261631326435984,-295.9674355507999,1.1184960035511602,2.0,,,,,,,88.0,91.0,41.0,88.0,94.0,94.0,78.0,4.0,,76.0,26.0,19.0,1000,1.0,0.0,1.0,0.0,1.0,0.0,0.0,high
G21011100111091,1500000US211110111091,G2101110011109,,,,,,,,1242,1072,127,0,0,0,43,1239,948,214,0,32,35,10,,-3,,-124,,87,,-33,,,,,,,,,,,,,,,,,,,,,,,,,,,,,10.0,,,,,,,,,,,,,,,,,,,,,,,,,,,,,,,,,,,10.0,1000,,,,,,,,low
G21011100111092,1500000US211110111092,G2101110011109,,,,,,,,843,611,185,0,0,47,0,1464,767,519,0,21,83,74,,621,,156,,334,,74,,,,161777.84615384616,243317.9655172414,62324.58139534884,64677.21782178218,454.0,1464.0,222.0,894.0,60.0,834.0,308.0,279.0,540.0,1777.0,479.0,1097.0,26.0,1071.0,282.0,273.0,211110000000.0,755.5,1800.0,767.0,1369.0,12.0,11.0,-0.043413091225000464,237.0,203.0,-0.03099361896080219,0.2841726618705036,0.22706935123042504,0.26618705035971224,0.44724556489262374,0.1810585145329115,-0.006226340827390708,-0.1059992342260645,-26.0,-0.07963041331640569,-6.0,0.03774813041277661,2.0,,,,,,,8.0,61.0,87.0,72.0,22.0,10.0,23.0,29.0,,100.0,63.0,12.0,1000,,,,,,,,low
G21011100111121,1500000US211110111121,G2101110011112,,,,,,,,1428,1335,36,0,32,0,25,1752,1218,365,0,68,45,56,,324,,-117,,329,,31,,,,,,,,,,,,,,,,,,,,,,,,211110000000.0,1049.0,1475.0,1075.0,1360.5,13.0,56.0,,,,,,,,,,,,,,,,,,,,,,,,,,,,,,,,53.0,,13.0,1000,,,,,,,,low
G21011100111122,1500000US211110111122,G2101110011112,,,,,,,,1827,1132,546,0,104,0,45,1793,1407,255,0,0,47,84,,-34,,275,,-291,,39,,,,167237.56209150326,257264.625,63514.625,104845.9387755102,986.0,2100.0,380.0,1387.0,97.0,1290.0,547.0,485.0,934.0,2808.0,630.0,1657.0,0.0,1657.0,746.0,781.0,211110000000.0,1099.0,1412.0,1075.0,1360.5,,56.0,-0.06993511175198269,367.0,270.0,-0.058539529269764634,0.28449612403100777,0.1946647440519106,0.29457364341085274,0.38020519010259507,0.08563154669174233,-0.13690272690272687,0.026180217353674595,199.0,0.0953647434188058,296.0,0.6507369566538448,2.0,,,,,,,20.0,80.0,88.0,86.0,1.0,71.0,70.0,90.0,,34.0,66.0,,1000,,,,,,,,low
G21011100111131,1500000US211110111131,G2101110011113,,,,,,,,1099,797,192,0,90,6,14,1274,943,149,0,157,18,7,,175,,146,,-43,,-7,,,,,,,,,,,,,,,,,,,,,,,,,,,,,25.0,,,,,,,,,,,,,,,,,,,,,,,,,,,,,,,,,,,30.0,1000,,,,,,,,low
G21011100111132,1500000US211110111132,G2101110011113,,,,,,,,1501,1088,262,0,122,9,20,1522,1197,296,0,1,28,0,,21,,109,,34,,-20,,,,190024.25252525252,285304.3435114504,57026.02702702703,65077.125,869.0,1959.0,400.99999999999994,1311.0,49.0,1262.0,418.0,342.0,933.0,2313.0,417.0,1536.0,12.0,1524.0,332.0,671.0,211110000000.0,1049.0,1779.5,767.0,1369.0,37.0,,-0.029563548817696413,262.0,225.0,-0.024088541666666668,0.2076069730586371,0.17162471395881007,0.3177496038034865,0.2736220472440945,-0.04412755655939199,-0.040221426400748383,-0.11337251623261832,-86.0,0.169290298696815,329.0,0.1411828667137765,2.0,,,,,,,66.0,54.0,75.0,60.0,13.0,17.0,20.0,98.0,,93.0,62.0,46.0,1000,,,,,,,,low
G21011100111151,1500000US211110111151,G2101110011115,,,,,,,,1719,1456,44,0,0,0,219,2362,2057,231,0,9,36,29,,643,,601,,187,,-190,,,,158469.69597069596,221280.64556962025,51192.181818181816,86584.36585365854,444.0,2479.0,374.0,1222.0,15.0,1207.0,411.0,372.0,695.0,2445.0,329.0,1349.0,57.0,1292.0,578.0,387.0,,,,,,1.0,,0.029978562043290843,85.0,127.0,0.031134173461823574,0.07042253521126761,0.1039279869067103,0.30985915492957744,0.2546439628482972,-0.05521519208128023,0.10514910112016604,0.10685475079579643,167.0,-0.008666550385906746,15.0,0.691359164201643,2.0,,,,,,,72.0,24.0,54.0,22.0,75.0,73.0,93.0,56.0,,,44.0,1.0,1000,,,,,,,,low
G21011100111152,1500000US211110111152,G2101110011115,,,,,,,,1512,1272,121,0,0,7,112,1358,813,25,0,13,22,485,,-154,,-459,,-96,,373,,,,,,,,,,,,,,,,,,,,,,,,211110000000.0,1202.0,1348.5,1075.0,1360.5,7.0,,,,,,,,,,,,,,,,,,,,,,,,,,,,,,,,,13.0,,6.0,1000,,,,,,,,low
G21011100112011,1500000US211110112011,G2101110011201,,,,,,,,1388,700,443,0,52,28,165,1862,1181,310,0,32,164,175,,474,,481,,-133,,10,,,,129823.89224138903,206520.73913043478,23951.429080665104,47684.81081081081,174.874242429,1074.845454566,332.4222222234,908.951167705,186.7983014802,722.1528662247999,134.0042462796,436.40552015950004,409.0,1254.0,603.0,1030.0,129.0,901.0,105.0,295.0,211110000000.0,659.0,1050.0,767.0,1369.0,33.0,8.0,-0.08026700321627331,178.84713377520006,121.04883229500001,-0.05611485580601947,0.2476582758857686,0.13317418646442225,0.46032112835223427,0.6692563817980022,0.2089352534457679,0.16345919609771178,-0.0690249798829941,-29.00424627960001,-0.2768978455818356,-141.40552015950004,0.9908962697054509,1.0,,,,,,,4.0,78.0,81.0,90.0,92.0,88.0,33.0,2.0,,81.0,73.0,42.0,1000,1.0,1.0,1.0,0.0,1.0,1.0,0.0,medium
G21011100113011,1500000US211110113011,G2101110011301,,,,,,,,1153,718,140,6,0,41,248,736,314,238,2,0,21,161,,-417,,-404,,98,,-87,,,,,,,,,,,,,,,,,,,,,,,,211110000000.0,669.0,1019.0,767.0,1369.0,3.0,,,,,,,,,,,,,,,,,,,,,,,,,,,,,,,,,72.0,,3.0,1000,,,,,,,,low
G21011100113012,1500000US211110113012,G2101110011301,,,,,,,,1273,50,1223,0,0,0,0,1180,181,805,0,52,42,100,,-93,,131,,-418,,100,,,,89874.0,190251.29357798165,32878.46428571428,60799.0,270.0,1599.0,413.0,1073.0,102.0,971.0,126.0,432.0,412.0,1410.0,325.0,942.0,52.0,890.0,135.0,307.0,,,,,,27.0,,-0.03985887930539808,-81.0,-131.0,-0.05307855626326964,-0.08341915550978372,-0.12208760484622554,0.4253347064881565,0.3651685393258427,-0.06016616716231382,0.12334304685109043,0.021922262465430054,9.0,-0.09995834249412744,-125.0,0.8492043749871009,2.0,,,,,,,76.0,76.0,22.0,66.0,84.0,83.0,68.0,25.0,,,95.0,33.0,1000,0.0,0.0,0.0,0.0,0.0,0.0,0.0,low
G21011100114031,1500000US211110114031,G2101110011403,,,,,,,,786,761,0,0,0,25,0,868,717,78,0,0,16,57,,82,,-44,,78,,57,,,,91453.54545454546,133095.5909090909,38229.33707865168,53856.142857142855,96.0,1225.0,157.0,853.0,78.0,775.0,103.0,285.0,215.0,1116.0,143.0,756.0,44.0,712.0,114.0,311.0,,,,,,18.0,,-0.0332409113182853,-63.0,-97.0,-0.04497354497354497,-0.08129032258064516,-0.11371629542790153,0.20258064516129032,0.20084269662921347,-0.001737948532076844,0.11428498281032842,0.027209133744110187,11.0,0.06905581732511779,26.0,0.40876475954425096,2.0,,,,,,,50.0,69.0,23.0,62.0,81.0,49.0,71.0,83.0,,,53.0,19.0,1000,1.0,0.0,1.0,0.0,1.0,0.0,0.0,high
G21011100114032,1500000US211110114032,G2101110011403,,,,,,,,928,854,21,0,0,17,36,609,463,18,0,0,9,119,,-319,,-391,,-3,,83,,,,,,,,,,,,,,,,,,,,,,,,,,,,,29.0,,,,,,,,,,,,,,,,,,,,,,,,,,,,,,,,,,,37.0,1000,,,,,,,,low
G21011100114041,1500000US211110114041,G2101110011404,,,,,,,,1647,407,596,7,32,175,430,2017,172,757,0,0,19,1069,,370,,-235,,161,,639,,,,,,,,,,,,,,,,,,,,,,,,211110000000.0,729.5,1149.0,800.0,1350.0,18.0,572.0,,,,,,,,,,,,,,,,,,,,,,,,,,,,,,,,79.0,,19.0,1000,,,,,,,,low
G21011100114042,1500000US211110114042,G2101110011404,,,,,,,,1364,904,330,0,9,71,50,2434,1256,322,0,2,11,843,,1070,,352,,-8,,793,,,,106901.98507462686,132893.73684210525,24769.27027027027,31897.496240601504,176.0,2038.0,948.0,1784.0,309.0,1475.0,121.0,984.0,328.0,2742.0,1239.0,1955.0,92.0,1863.0,107.0,1083.0,,,,,,26.0,27.0,-0.12614745449749407,388.0,171.0,-0.11099744245524297,0.26305084745762713,0.09585201793721973,0.6427118644067796,0.6650563607085346,0.022344496301754946,0.03326153914429629,-0.024599652465041803,-14.0,-0.08579819318212834,99.0,0.2877850615925091,2.0,,,,,,,41.0,97.0,84.0,98.0,37.0,36.0,47.0,27.0,,,17.0,32.0,1000,0.0,0.0,0.0,0.0,0.0,0.0,0.0,low
G21011100115141,1500000US211110115141,G2101110011514,,,,,,,,1628,1221,354,0,53,0,0,1942,1171,290,0,41,298,142,,314,,-50,,-64,,142,,,,,,,,,,,,,,,,,,,,,,,,,,,,,62.0,,,,,,,,,,,,,,,,,,,,,,,,,,,,,,,,,,,67.0,1000,,,,,,,,low
G21011100115142,1500000US211110115142,G2101110011514,,,,,,,,1579,1246,266,0,55,7,5,2158,1773,53,5,36,131,160,,579,,527,,-213,,155,,,,140465.10169491527,228302.57142857142,52215.49484536082,77237.80597014926,613.0,2282.0,358.99999999999994,1450.0,69.0,1381.0,391.0,338.0,824.0,2815.0,393.0,1848.0,120.0,1728.0,474.0,506.0,,,,,,37.0,,0.017348858038513208,347.0,398.0,0.027597402597402596,0.2512671976828385,0.27448275862068966,0.25995655322230266,0.22743055555555555,-0.0325259976667471,0.024093570346662374,-0.008822612438651511,83.0,0.04807389304583368,168.0,0.47921237170869385,2.0,,,,,,,62.0,26.0,82.0,27.0,34.0,58.0,57.0,78.0,,,76.0,46.0,1000,,,,,,,,low
G21011100115161,1500000US211110115161,G2101110011516,,,,,,,,2027,1819,137,0,0,24,47,2029,1444,292,0,136,43,114,,2,,-375,,155,,67,,,,134486.9518072289,196889.5472636816,49668.811320754714,63806.10659898477,673.0,2782.0,724.0,1884.0,0.0,1884.0,589.0,451.0,713.0,2862.0,560.0,1797.0,15.0,1782.0,491.0,593.0,211110000000.0,840.0,1524.0,767.0,1369.0,14.0,,0.008347245409015025,-102.0,-87.0,0.008347245409015025,-0.054140127388535034,-0.04617834394904458,0.3842887473460722,0.31425364758698093,-0.07003509975909128,0.007214191661379099,-0.03709958752421594,-98.0,0.09338787735815335,142.0,0.28463123844324045,3.0,,,,,,,77.0,37.0,27.0,33.0,26.0,35.0,41.0,89.0,,98.0,55.0,15.0,1000,,,,,,,,low
G21011100115162,1500000US211110115162,G2101110011516,,,,,,,,738,683,48,0,0,4,4,403,319,69,0,0,9,6,,-335,,-364,,21,,2,,,,,,,,,,,,,,,,,,,,,,,,211110000000.0,835.0,1509.0,767.0,1369.0,21.0,,,,,,,,,,,,,,,,,,,,,,,,,,,,,,,,,97.0,,24.0,1000,,,,,,,,low
G21011100115163,1500000US211110115163,G2101110011516,,,,,,,,1298,1199,83,0,0,7,8,1429,1079,115,0,144,32,59,,131,,-120,,32,,51,,,,,,,,,,,,,,,,,,,,,,,,,,,,,30.0,,,,,,,,,,,,,,,,,,,,,,,,,,,,,,,,,,,38.0,1000,,,,,,,,low
G21011100115181,1500000US211110115181,G2101110011518,,,,,,,,2516,2197,118,0,39,39,123,2050,1805,169,0,13,53,10,,-466,,-392,,51,,-113,,,,265257.2159624413,362825.6033254157,123324.35885167464,124420.29629629629,879.0,1561.0,54.0,774.0,0.0,774.0,671.0,237.0,760.0,1429.0,8.0,759.0,0.0,759.0,297.0,224.0,,,,,,29.0,,0.0,-15.0,-15.0,0.0,-0.01937984496124031,-0.01937984496124031,0.06976744186046512,0.010540184453227932,-0.05922725740723718,-0.031260128687850997,-0.4756207167733962,-374.0,-0.011076385697214808,-13.0,0.008886625925538079,1.0,,,,,,,75.0,39.0,33.0,36.0,15.0,8.0,2.0,51.0,,,40.0,37.0,1000,,,,,,,,low
G21011100115221,1500000US211110115221,G2101110011522,,,,,,,,1629,893,387,0,0,0,350,1473,880,292,0,0,187,114,,-156,,-13,,-95,,-236,,,,159124.1580503505,244688.11917098446,63188.633767490406,84985.77248677249,773.8421605497,1934.582307816,40.986269232,1145.7281343785999,53.977132798199996,1091.7510015804,408.90726079269996,351.91022505959995,587.0,1749.0,74.0,1052.0,63.0,989.0,277.0,344.0,,,,,,51.0,,0.012774290342692403,-102.75100158040004,-93.72813437859986,0.008576869963688385,-0.09411578412262453,-0.08180660975863571,0.037541773877623176,0.07482305358948432,0.03728127971186115,-0.06438442040460751,-0.09446171214333715,-131.90726079269996,0.02549047695920481,-7.910225059599952,0.3449534737447731,2.0,,,,,,,38.0,36.0,19.0,29.0,8.0,42.0,29.0,65.0,,,65.0,61.0,1000,,,,,,,,low
G21011100115222,1500000US211110115222,G2101110011522,,,,,,,,1312,1075,131,0,0,104,2,1044,858,25,0,1,98,62,,-268,,-217,,-106,,60,,,,,,,,,,,,,,,,,,,,,,,,,,,,,41.0,,,,,,,,,,,,,,,,,,,,,,,,,,,,,,,,,,,50.0,1000,,,,,,,,low
G21011100116031,1500000US211110116031,G2101110011603,,,,,,,,2376,2289,46,0,0,17,24,2687,2100,181,0,8,28,370,,311,,-189,,135,,346,,,,274999.0,380161.24188790563,88231.21757322176,112818.14893617021,1383.0,3095.0,311.0,1983.0,132.0,1851.0,1052.0,564.0,1464.0,3752.0,198.0,2049.0,0.0,2049.0,887.0,848.0,,,,,,35.0,,-0.06656580937972768,198.0,66.0,-0.06442166910688141,0.10696920583468396,0.03328290468986384,0.16801728795245813,0.09663250366032211,-0.07138478429213602,-0.05665786001908296,-0.13544734238071626,-165.0,0.1091602576423808,284.0,0.27866476332534035,3.0,,,,,,,78.0,85.0,58.0,82.0,9.0,34.0,17.0,91.0,,,41.0,44.0,1000,,,,,,,,low
G21011100116032,1500000US211110116032,G2101110011603,,,,,,,,1201,1126,7,0,0,52,16,1468,1428,0,0,19,21,0,,267,,302,,-7,,-16,,,,,,,,,,,,,,,,,,,,,,,,,,,,,1.0,,,,,,,,,,,,,,,,,,,,,,,,,,,,,,,,,,,1.0,1000,,,,,,,,low
G21011100116033,1500000US211110116033,G2101110011603,,,,,,,,586,586,0,0,0,0,0,895,571,186,0,112,26,0,,309,,-15,,186,,0,,,,,,,,,,,,,,,,,,,,,,,,,,,,,67.0,,,,,,,,,,,,,,,,,,,,,,,,,,,,,,,,,,,72.0,1000,,,,,,,,low
G21011100116041,1500000US211110116041,G2101110011604,,,,,,,,1470,1409,0,0,0,9,52,1115,1099,0,8,0,8,0,,-355,,-310,,0,,-52,,,,,,,,,,,,,,,,,,,,,,,,,,,,,11.0,,,,,,,,,,,,,,,,,,,,,,,,,,,,,,,,,,,10.0,1000,,,,,,,,low
G21011100116042,1500000US211110116042,G2101110011604,,,,,,,,1110,1028,82,0,0,0,0,1225,992,172,2,0,33,26,,115,,-36,,90,,26,,,,372399.0,467885.1788617886,85377.78787878787,108394.5223880597,671.0,1836.0,76.0,983.0,88.0,895.0,516.0,260.0,834.0,1824.0,125.0,1034.0,42.0,992.0,306.0,333.0,,,,,,5.0,,-0.04890291630838372,97.0,51.0,-0.04448742746615087,0.10837988826815642,0.05188199389623601,0.08491620111731843,0.12600806451612903,0.0410918633988106,0.09176843251920652,-0.2680685709136781,-210.0,0.04518269057487834,73.0,0.2695869157672372,2.0,,,,,,,36.0,68.0,59.0,74.0,68.0,31.0,6.0,74.0,,,19.0,4.0,1000,,,,,,,,low
G21011100116061,1500000US211110116061,G2101110011606,,,,,,,,1225,1170,55,0,0,0,0,1521,1408,48,2,50,13,0,,296,,238,,-7,,0,,,,348513.85148514854,607455.1403508772,73567.18181818182,174999.0,387.0,886.0,49.0,493.0,0.0,493.0,236.0,194.0,598.0,1096.0,51.0,650.0,64.0,586.0,127.0,150.0,,,,,,8.0,,0.09846153846153846,93.0,157.0,0.09846153846153846,0.18864097363083165,0.3184584178498986,0.09939148073022312,0.08703071672354949,-0.01236076400667363,0.10882585556342789,-0.2619782760697547,-109.0,-0.1375364315433129,-44.0,1.3787644935550558,1.0,,,,,,,57.0,6.0,72.0,5.0,79.0,96.0,8.0,15.0,,,83.0,7.0,1000,,,,,,,,low
G21011100117101,1500000US211110117101,G2101110011710,,,,,,,,1117,976,134,0,0,0,7,1663,890,376,0,0,100,297,,546,,-86,,242,,290,,,,126675.82926829268,189320.19205298013,42800.724137931036,85954.05617977527,197.0,1700.0,423.0,1085.0,47.0,1038.0,264.0,408.0,476.0,2051.0,463.0,1214.0,0.0,1214.0,484.0,565.0,,,,,,43.0,,-0.04331797235023042,176.0,129.0,-0.03871499176276771,0.16955684007707128,0.11889400921658987,0.407514450867052,0.38138385502471167,-0.026130595842340343,0.11619955832162218,0.144346782718001,220.0,0.07234004056717863,157.0,1.0082383630421037,2.0,,,,,,,59.0,65.0,69.0,70.0,82.0,90.0,97.0,84.0,,,58.0,52.0,1000,1.0,1.0,1.0,0.0,1.0,0.0,1.0,medium
G21011100117102,1500000US211110117102,G2101110011710,,,,,,,,1791,1486,247,0,15,28,15,1645,1062,207,0,0,17,359,,-146,,-424,,-40,,344,,,,,,,,,,,,,,,,,,,,,,,,,,,,,97.0,,,,,,,,,,,,,,,,,,,,,,,,,,,,,,,,,,,83.0,1000,,,,,,,,low
G21011100118001,1500000US211110118001,G2101110011800,,,,,,,,1826,1344,251,0,65,60,106,1588,896,438,0,0,10,244,,-238,,-448,,187,,138,,,,89817.18181818182,121906.21649484536,33977.87323943662,48644.833333333336,271.0,1761.0,624.0,1357.0,157.0,1200.0,104.0,487.0,92.0,1479.0,444.0,1054.0,36.0,1018.0,140.0,451.0,211110000000.0,725.0,1073.5,800.0,1350.0,16.0,128.0,-0.08154079137062864,-182.0,-303.0,-0.11480075901328274,-0.15166666666666667,-0.22328666175386883,0.52,0.4361493123772102,-0.0838506876227898,-0.0916856432992042,0.05085789129011134,36.0,0.037192206941715766,-36.0,0.43166209934744876,2.0,,,,,,,82.0,98.0,8.0,91.0,4.0,52.0,80.0,71.0,,65.0,38.0,18.0,1000,1.0,0.0,1.0,0.0,1.0,0.0,0.0,high
G21011100118002,1500000US211110118002,G2101110011800,,,,,,,,958,514,259,0,6,47,132,735,299,264,0,0,34,138,,-223,,-215,,5,,6,,,,,,,,,,,,,,,,,,,,,,,,,,,,,15.0,,,,,,,,,,,,,,,,,,,,,,,,,,,,,,,,,,,16.0,1000,,,,,,,,low
G21011100119011,1500000US211110119011,G2101110011901,,,,,,,,1237,463,0,0,0,19,755,1778,520,84,0,0,0,1174,,541,,57,,84,,419,,,,10322.516129032258,13124.375,27415.666666666668,34516.54385964912,10.0,600.0,221.0,472.0,35.0,437.0,26.0,250.0,50.0,895.0,234.0,588.0,31.0,557.0,69.0,284.0,,,,,,1.0,,-0.0214314539375072,120.0,116.0,-0.006802721088435374,0.2745995423340961,0.2457627118644068,0.505720823798627,0.42010771992818674,-0.0856131038704403,0.03919925512104283,0.06438134990900089,43.0,-0.062208053112251416,34.0,0.25900800733093443,1.0,,,,,,,84.0,45.0,86.0,47.0,41.0,29.0,84.0,33.0,,,22.0,1.0,1000,0.0,0.0,0.0,0.0,0.0,0.0,0.0,low
G21011100119041,1500000US211110119041,G2101110011904,,,,,,,,1372,968,63,0,0,156,185,1082,375,155,5,12,44,491,,-290,,-593,,92,,306,,,,,,,,,,,,,,,,,,,,,,,,211110000000.0,690.0,1011.0,800.0,1350.0,27.0,124.0,,,,,,,,,,,,,,,,,,,,,,,,,,,,,,,,62.0,,33.0,1000,,,,,,,,low
G21011100119042,1500000US211110119042,G2101110011904,,,,,,,,1468,1028,119,0,0,37,284,1628,799,423,0,4,0,402,,160,,-229,,304,,118,,,,93014.87301587302,142762.15789473685,36683.782608695656,43124.0,312.0,1889.0,583.0,1134.0,71.0,1063.0,146.0,373.0,461.0,1829.0,680.0,1130.0,46.0,1084.0,63.0,430.0,,,,,,13.0,124.0,-0.02190226467512603,21.0,-4.0,-0.022123893805309734,0.01975540921919097,-0.003527336860670194,0.548447789275635,0.6273062730627307,0.0788584837870957,0.08688354581400012,-0.07922904958118257,-83.0,0.0457852697059426,57.0,0.17556034120041186,2.0,,,,,,,25.0,52.0,40.0,49.0,63.0,20.0,31.0,75.0,,,64.0,13.0,1000,1.0,0.0,1.0,0.0,0.0,0.0,0.0,high
G21011100119061,1500000US211110119061,G2101110011906,,,,,,,,1389,499,396,0,18,22,454,1864,396,1004,0,0,32,432,,475,,-103,,608,,-22,,,,,,,,,,,,,,,,,,,,,,,,211110000000.0,655.0,1144.5,800.0,1350.0,19.0,1042.0,,,,,,,,,,,,,,,,,,,,,,,,,,,,,,,,95.0,,21.0,1000,,,,,,,,low
G21011100119062,1500000US211110119062,G2101110011906,,,,,,,,1732,937,185,0,17,77,516,2649,1318,602,0,14,80,635,,917,,381,,417,,119,,,,113860.38613861386,197047.61111111112,29999.0,61577.94736842105,247.0,2062.0,884.0,1650.0,164.0,1486.0,132.0,791.0,889.0,2786.0,1342.0,2237.0,227.0,2010.0,354.0,698.0,211110000000.0,755.0,1190.0,800.0,1350.0,30.0,64.0,0.002081250592649783,524.0,587.0,0.028162717925793473,0.35262449528936746,0.3557575757575758,0.594885598923284,0.6676616915422886,0.07277609261900464,0.19930886244998025,0.08729033165263854,222.0,-0.1850377988924824,-93.0,1.0526666678362964,2.0,,,,,,,27.0,25.0,91.0,34.0,97.0,92.0,89.0,8.0,,80.0,82.0,38.0,1000,0.0,1.0,0.0,0.0,0.0,1.0,0.0,medium
G21011100119081,1500000US211110119081,G2101110011908,,,,,,,,1919,1267,386,0,24,140,101,1130,207,633,0,0,44,246,,-789,,-1060,,247,,145,,,,,,,,,,,,,,,,,,,,,,,,211110000000.0,966.0,1399.5,800.0,1350.0,22.0,208.0,,,,,,,,,,,,,,,,,,,,,,,,,,,,,,,,60.0,,25.0,1000,,,,,,,,low
G21011100119082,1500000US211110119082,G2101110011908,,,,,,,,1921,1269,387,0,25,140,101,2450,1050,844,0,14,217,325,,529,,-219,,457,,224,,,,108372.20574162679,154403.7619047619,40681.989690721646,58466.74193548387,283.0,2244.0,829.0,1506.0,131.0,1375.0,186.0,431.0000000000001,143.0,2377.0,703.0,1401.0,25.0,1376.0,140.0,473.0,211110000000.0,971.0,1215.0,800.0,1350.0,24.0,208.0,-0.06914099490688211,1.0,-105.0,-0.07566024268379729,0.0007272727272727272,-0.0697211155378486,0.602909090909091,0.5109011627906976,-0.09200792811839331,-0.06595421661990991,-0.03352854122621564,-46.0,0.03029545454545446,41.999999999999886,0.43716525125658734,2.0,,,,,,,86.0,87.0,38.0,84.0,6.0,53.0,42.0,68.0,,27.0,49.0,28.0,1000,0.0,0.0,0.0,0.0,0.0,0.0,0.0,low
G21011100119091,1500000US211110119091,G2101110011909,,,,,,,,2095,1201,183,0,449,65,197,1573,950,82,12,54,40,435,,-522,,-251,,-101,,238,,,,,,,,,,,,,,,,,,,,,,,,211110000000.0,920.0,1048.0,800.0,1350.0,28.0,,,,,,,,,,,,,,,,,,,,,,,,,,,,,,,,,17.0,,34.0,1000,,,,,,,,low
G21011100119092,1500000US211110119092,G2101110011909,,,,,,,,1893,1563,38,0,0,163,129,1831,857,369,0,32,18,555,,-62,,-706,,331,,426,,,,113680.40243902439,184338.88764044945,35981.75862068965,40323.07407407407,390.0,2622.0,560.0,1737.0,106.0,1631.0,328.0,760.0,468.0,2294.0,636.0,1487.0,86.0,1401.0,169.0,602.0,211110000000.0,961.0,1225.0,800.0,1350.0,21.0,,-0.0031901890845202688,-230.0,-250.0,-0.013449899125756557,-0.14101778050275904,-0.14392630972941853,0.34334763948497854,0.4539614561027837,0.11061381661780517,0.05526904331067614,-0.08047549464317988,-159.0,-0.03627872006988092,-158.0,0.12065323152071138,2.0,,,,,,,15.0,47.0,13.0,40.0,54.0,15.0,30.0,40.0,,31.0,75.0,24.0,1000,1.0,0.0,1.0,0.0,0.0,0.0,0.0,high
G21011100120011,1500000US211110120011,G2101110012001,,,,,,,,1839,1780,14,9,0,8,28,2256,2035,2,0,0,50,169,,417,,255,,-12,,141,,,,111056.69230769231,158287.77005347592,49223.137931034486,60086.71929824561,176.0,2258.0,311.0,1409.0,131.0,1278.0,373.0,567.0,172.0,2750.0,688.0,1647.0,65.0,1582.0,386.0,766.0,,,,,,20.0,,-0.05350804503790577,304.0,238.0,-0.04007285974499089,0.2378716744913928,0.16891412349183818,0.2433489827856025,0.43489254108723135,0.19154355830162886,-0.015399629599806744,-0.04786734171004395,13.0,0.0405352468795071,199.0,0.2207007075093803,2.0,,,,,,,6.0,67.0,80.0,77.0,18.0,23.0,37.0,73.0,,,50.0,22.0,1000,,,,,,,,low
G21011100120012,1500000US211110120012,G2101110012001,,,,,,,,1629,1588,0,0,8,6,27,1507,1278,0,0,0,0,229,,-122,,-310,,0,,202,,,,,,,,,,,,,,,,,,,,,,,,,,,,,13.0,,,,,,,,,,,,,,,,,,,,,,,,,,,,,,,,,,,13.0,1000,,,,,,,,low
G21011100120041,1500000US211110120041,G2101110012004,,,,,,,,1060,777,0,0,0,0,283,1085,332,41,0,0,17,695,,25,,-445,,41,,412,,,,18762.736263736264,37281.608695652176,26421.413793103446,40339.90909090909,38.9047621482,1428.5030614416,117.05916505500001,836.7316797678,91.7512688184,744.9804109494,141.6160888284,429.8347484862,53.0,1261.0,152.0,742.0,151.0,591.0,97.0,342.0,,,,,,2.0,,0.09384969270952133,-153.98041094940004,-94.73167976779996,0.07985004202371979,-0.2066905500953616,-0.1132163177974674,0.1571305276414185,0.2571912013536379,0.10006067371221938,0.014795497942131593,-0.02596511256532047,-44.616088828399995,0.0017056381193131243,-87.8347484862,0.5267884378480409,2.0,,,,,,,17.0,12.0,6.0,8.0,30.0,64.0,44.0,59.0,,,93.0,2.0,1000,0.0,1.0,0.0,0.0,0.0,1.0,0.0,medium
G21011100120042,1500000US211110120042,G2101110012004,,,,,,,,963,706,0,0,0,0,257,778,597,0,0,0,19,162,,-185,,-109,,0,,-95,,,,,,,,,,,,,,,,,,,,,,,,,,,,,4.0,,,,,,,,,,,,,,,,,,,,,,,,,,,,,,,,,,,4.0,1000,,,,,,,,low
G21011100120051,1500000US211110120051,G2101110012005,,,,,,,,1856,1649,30,0,25,151,1,2060,1234,159,0,0,125,542,,204,,-415,,129,,541,,,,109388.19141987982,147559.9756097561,40210.7594678453,49922.78048780488,156.7482990719,2328.5744894288,648.349741833,1352.3131477439001,0.7349380696,1351.5782096743,271.4390835726,406.84111354190003,391.0,2293.0,616.0,1822.0,154.0,1668.0,176.0,410.0,,,,,,12.0,,0.08397903537440038,316.42179032569993,469.6868522560999,0.08411913388057078,0.234112823113618,0.34732107207542195,0.47969827953148025,0.36930455635491605,-0.1103937231765642,0.10320383880461374,-0.0953156197428985,-95.4390835726,-0.0552085342876992,3.158886458099971,0.24152791811171415,2.0,,,,,,,93.0,9.0,79.0,9.0,74.0,29.0,27.0,35.0,,,35.0,12.0,1000,0.0,0.0,0.0,0.0,0.0,0.0,0.0,low
G21011100120052,1500000US211110120052,G2101110012005,,,,,,,,2009,1845,2,0,1,154,7,2043,1954,0,0,0,0,89,,34,,109,,-2,,82,,,,,,,,,,,,,,,,,,,,,,,,,,,,,9.0,,,,,,,,,,,,,,,,,,,,,,,,,,,,,,,,,,,8.0,1000,,,,,,,,low
G21011100121071,1500000US211110121071,G2101110012107,,,,,,,,2733,2564,9,0,0,0,160,2851,2330,173,1,0,57,290,,118,,-234,,164,,130,,,,119551.05811138015,161636.93103448275,47524.125628140704,64110.44578313253,210.0,3649.0,361.0,2220.0,179.0,2041.0,417.0,746.0,565.0,3727.0,483.0,2204.0,166.0,2038.0,485.0,723.0,,,,,,15.0,,-0.005313026274913743,-3.0,-16.0,-0.005898366606170599,-0.0014698677119059284,-0.007207207207207207,0.17687408133268007,0.23699705593719333,0.06012297460451327,0.09404644457505071,0.03366679825116034,68.0,-0.010747536156485882,-23.0,0.3490084233169033,4.0,,,,,,,30.0,44.0,36.0,41.0,69.0,43.0,76.0,52.0,,,36.0,16.0,1000,,,,,,,,low
G21011100121072,1500000US211110121072,G2101110012107,,,,,,,,799,785,0,0,14,0,0,891,891,0,0,0,0,0,,92,,106,,0,,0,,,,,,,,,,,,,,,,,,,,,,,,,,,,,9.0,,,,,,,,,,,,,,,,,,,,,,,,,,,,,,,,,,,8.0,1000,,,,,,,,low
G21011100121073,1500000US211110121073,G2101110012107,,,,,,,,918,918,0,0,0,0,0,439,435,0,0,0,4,0,,-479,,-483,,0,,0,,,,,,,,,,,,,,,,,,,,,,,,,,,,,15.0,11.0,,,,,,,,,,,,,,,,,,,,,,,,,,,,,,,,,,16.0,1000,,,,,,,,low
G21011100121074,1500000US211110121074,G2101110012107,,,,,,,,1019,913,8,0,0,0,98,1243,883,0,0,0,7,353,,224,,-30,,-8,,255,,,,,,,,,,,,,,,,,,,,,,,,,,,,,6.0,,,,,,,,,,,,,,,,,,,,,,,,,,,,,,,,,,,5.0,1000,,,,,,,,low
G21011100121081,1500000US211110121081,G2101110012108,,,,,,,,2027,1959,38,14,0,10,6,1717,1492,26,0,44,103,52,,-310,,-467,,-12,,46,,,,111056.69230769231,165405.97674418605,37726.27272727273,60861.06896551724,59.0,1369.0,435.0,881.0,61.0,820.0,162.0,273.0,158.0,1050.0,269.0,733.0,97.0,636.0,111.0,264.0,211110000000.0,948.0,1338.0,810.0,1389.0,20.0,,0.06309337801363638,-184.0,-148.0,0.04911323328785812,-0.22439024390243903,-0.16799091940976163,0.5304878048780488,0.4229559748427673,-0.1075318300352815,0.10737903927093118,-0.023032673722963665,-51.0,0.08216751035434883,-9.0,0.6132277207846223,1.0,,,,,,,91.0,18.0,4.0,15.0,77.0,68.0,49.0,86.0,,54.0,57.0,22.0,1000,1.0,0.0,1.0,0.0,1.0,0.0,0.0,high
G21011100122051,1500000US211110122051,G2101110012205,,,,,,,,1516,1070,183,27,31,195,10,1847,1158,376,0,82,189,42,,331,,88,,193,,32,,,,137738.42615904802,145832.33333333334,53781.19764222459,40672.07692307692,111.24489796,1037.2040816439999,87.1457489792,535.6086206967,15.6396551729,519.9689655238,158.9413793114,163.90689655339997,130.0,783.0,296.0,659.0,0.0,659.0,84.0,322.0,,,,,,30.0,144.0,-0.029199782394384376,139.03103447620003,123.39137930330003,-0.023732405421699555,0.2673833318804799,0.23037601437930005,0.16759798133608259,0.44916540212443096,0.2815674207883484,0.058773507605437036,-0.17820888449978953,-74.9413793114,0.17339473646124853,158.09310344660003,-0.24374914084946786,1.0,,,,,,,3.0,53.0,85.0,59.0,57.0,1.0,12.0,99.0,,,9.0,38.0,1000,,,,,,,,low
G21011100122061,1500000US211110122061,G2101110012206,,,,,,,,1528,1049,281,0,94,0,104,1104,522,226,0,17,50,289,,-424,,-527,,-55,,185,,,,,,,,,,,,,,,,,,,,,,,,,,,,,30.0,,,,,,,,,,,,,,,,,,,,,,,,,,,,,,,,,,,38.0,1000,,,,,,,,low
G21011100122062,1500000US211110122062,G2101110012206,,,,,,,,765,501,94,0,0,0,170,286,286,0,0,0,0,0,,-479,,-215,,-94,,-170,,,,,,,,,,,,,,,,,,,,,,,,,,,,,33.0,,,,,,,,,,,,,,,,,,,,,,,,,,,,,,,,,,,42.0,1000,,,,,,,,low
G21011100122063,1500000US211110122063,G2101110012206,,,,,,,,1243,917,290,0,13,23,0,3220,2184,295,4,527,210,0,,1977,,1267,,5,,0,,,,126799.0,195638.53488372092,43077.04581689527,74216.03296703297,397.102040816,3161.7183673423997,757.4453441328001,2074.3465517077,146.8741379299,1927.4724137778,320.0034482734,726.4172413754,810.0,3280.0,477.0,1913.0,56.0,1857.0,726.0,585.0,,,,,,46.0,,-0.041531622047374345,-70.47241377780006,-161.3465517077002,-0.04750346990585475,-0.03656208684184268,-0.077781868981763,0.39297337731969156,0.2568659127625202,-0.13610746455717138,0.12135431470318572,0.22493082692087302,405.9965517266,-0.06185132531654319,-141.41724137539995,0.7228672848759898,4.0,,,,,,,96.0,73.0,29.0,69.0,83.0,76.0,99.0,34.0,,,68.0,56.0,1000,1.0,1.0,1.0,0.0,1.0,0.0,1.0,medium
G21011100122064,1500000US211110122064,G2101110012206,,,,,,,,1059,799,187,0,44,15,14,698,166,94,0,196,242,0,,-361,,-633,,-93,,-14,,,,,,,,,,,,,,,,,,,,,,,,,,,,,38.0,144.0,,,,,,,,,,,,,,,,,,,,,,,,,,,,,,,,,,47.0,1000,,,,,,,,low
G21011100124091,1500000US211110124091,G2101110012409,,,,,,,,1220,845,315,0,0,0,60,967,764,77,0,0,9,117,,-253,,-81,,-238,,57,,,,,,,,,,,,,,,,,,,,,,,,211110000000.0,977.0,1500.0,810.0,1389.0,23.0,,,,,,,,,,,,,,,,,,,,,,,,,,,,,,,,,73.0,,27.0,1000,,,,,,,,low
G21011100124092,1500000US211110124092,G2101110012409,,,,,,,,1300,1139,98,0,0,63,0,1722,1115,64,0,0,69,474,,422,,-24,,-34,,474,,,,96651.36051502146,135905.86274509804,34440.17647058824,61616.64705882353,98.0,2316.0,382.0,1379.0,75.0,1304.0,139.0,565.0,354.0,2351.0,233.0,1403.0,100.0,1303.0,232.0,421.0,211110000000.0,929.0,1398.0,810.0,1389.0,29.0,,0.016888600362736643,-1.0,24.0,0.01781895937277263,-0.0007668711656441718,0.01740391588107324,0.2929447852760736,0.17881811204911743,-0.11412667322695616,0.108259888674132,0.07145556031621222,93.0,-0.11018167136716117,-144.0,0.7890920829469001,3.0,,,,,,,95.0,29.0,37.0,29.0,78.0,80.0,86.0,21.0,,70.0,47.0,37.0,1000,1.0,0.0,1.0,0.0,1.0,0.0,0.0,high
G21011100124093,1500000US211110124093,G2101110012409,,,,,,,,934,918,0,0,0,0,16,714,535,40,0,0,0,139,,-220,,-383,,40,,123,,,,,,,,,,,,,,,,,,,,,,,,211110000000.0,936.5,1500.0,810.0,1389.0,24.0,,,,,,,,,,,,,,,,,,,,,,,,,,,,,,,,,84.0,,28.0,1000,,,,,,,,low
G21011100124101,1500000US211110124101,G2101110012410,,,,,,,,2459,1973,449,0,0,31,6,3361,2175,1145,0,0,12,29,,902,,202,,696,,23,,,,148843.53781512607,223048.13294797688,44387.489208633095,81448.46808510639,337.0,3084.0,421.0,1847.0,43.0,1804.0,600.0,694.0,634.0,3106.0,504.0,1862.0,105.0,1757.0,645.0,760.0,211110000000.0,760.0,1532.5,810.0,1389.0,43.0,88.0,0.033109981233538636,-47.0,15.0,0.03329752953813104,-0.026053215077605323,0.008121277747698972,0.23337028824833703,0.2868525896414343,0.05348230139309726,0.09484738546288804,0.03450878147214753,45.0,0.047854827127978394,66.0,0.8349419968828775,2.0,,,,,,,33.0,23.0,31.0,20.0,70.0,82.0,77.0,77.0,,98.0,60.0,52.0,1000,1.0,1.0,1.0,0.0,0.0,1.0,0.0,medium
G21011100124102,1500000US211110124102,G2101110012410,,,,,,,,1933,1332,589,0,0,0,12,1228,727,247,0,0,24,230,,-705,,-605,,-342,,218,,,,,,,,,,,,,,,,,,,,,,,,,,,,,36.0,88.0,,,,,,,,,,,,,,,,,,,,,,,,,,,,,,,,,,45.0,1000,,,,,,,,low
G21011100124121,1500000US211110124121,G2101110012412,,,,,,,,1956,1643,313,0,0,0,0,1598,1032,301,0,144,15,106,,-358,,-611,,-12,,106,,,,134511.19512195123,198645.90721649484,55499.0,68264.30612244898,457.0,2566.0,324.0,1385.0,23.0,1362.0,424.0,368.0,514.0,2293.0,193.0,1258.0,44.0,1214.0,240.0,341.0,211110000000.0,1022.5,1000.0,810.0,1389.0,107.0,,0.018369654428265596,-148.0,-127.0,0.016693163751987282,-0.10866372980910426,-0.09169675090252707,0.23788546255506607,0.15897858319604613,-0.07890687935901994,0.04606228111650934,-0.11361332665645779,-184.0,0.010698725345758164,-27.0,0.2300096600380003,2.0,,,,,,,81.0,31.0,17.0,26.0,47.0,27.0,19.0,62.0,,4.0,56.0,86.0,1000,,,,,,,,low
G21011100124122,1500000US211110124122,G2101110012412,,,,,,,,2021,1676,309,0,0,0,36,1340,706,515,0,0,85,34,,-681,,-970,,206,,-2,,,,,,,,,,,,,,,,,,,,,,,,211110000000.0,710.0,990.0,810.0,1389.0,55.0,,,,,,,,,,,,,,,,,,,,,,,,,,,,,,,,,52.0,,63.0,1000,,,,,,,,low
G21011100124131,1500000US211110124131,G2101110012413,,,,,,,,1799,1371,428,0,0,0,0,1479,1160,214,0,0,92,13,,-320,,-211,,-214,,13,,,,,,,,,,,,,,,,,,,,,,,,211110000000.0,760.0,1545.0,810.0,1389.0,71.0,,,,,,,,,,,,,,,,,,,,,,,,,,,,,,,,,99.0,,73.0,1000,,,,,,,,low
G21011100124132,1500000US211110124132,G2101110012413,,,,,,,,1249,947,279,0,0,23,0,2432,1880,457,0,0,65,30,,1183,,933,,178,,30,,,,117237.26714801445,144821.4852071006,51989.74074074074,60215.76300578035,191.0,2010.0,273.0,1207.0,0.0,1207.0,269.0,326.0,195.0,2433.0,255.0,1641.0,290.0,1351.0,423.0,776.0,,,,,,24.0,,0.17672151127361366,144.0,434.0,0.17672151127361366,0.11930405965202982,0.3595691797845899,0.22618061309030654,0.18874907475943745,-0.037431538330869096,-0.01487691014716798,0.09023479493234937,154.0,0.3042982061831519,450.0,0.15822395241516274,2.0,,,,,,,63.0,1.0,61.0,2.0,19.0,19.0,90.0,100.0,,,15.0,28.0,1000,,,,,,,,low
G21011100125011,1500000US211110125011,G2101110012501,,,,,,,,669,445,189,0,6,29,0,545,134,339,0,0,72,0,,-124,,-311,,150,,0,,,,,,,,,,,,,,,,,,,,,,,,211110000000.0,647.5,1075.0,750.0,1145.0,25.0,,,,,,,,,,,,,,,,,,,,,,,,,,,,,,,,,92.0,,30.0,1000,,,,,,,,low
G21011100125012,1500000US211110125012,G2101110012501,,,,,,,,1611,1189,352,0,50,14,6,1637,945,624,0,0,53,15,,26,,-244,,272,,9,,,,99570.42857142858,153765.02564102563,33145.06741573034,33244.192307692305,149.0,1689.0,612.0,1174.0,114.0,1060.0,135.0,474.0,229.0,1830.0,956.0,1435.0,108.0,1327.0,152.0,742.0,211110000000.0,650.0,1325.0,750.0,1145.0,30.0,,-0.021842594186467543,267.0,261.0,-0.004181184668989547,0.2518867924528302,0.2223168654173765,0.5773584905660377,0.720422004521477,0.14306351395543926,0.036918731619252826,-0.012814406165133435,17.0,0.1119861796362912,268.0,0.002990637814027334,2.0,,,,,,,11.0,42.0,83.0,48.0,38.0,6.0,57.0,92.0,,100.0,70.0,38.0,1000,1.0,1.0,1.0,0.0,0.0,1.0,0.0,medium
G21011100126031,1500000US211110126031,G2101110012603,,,,,,,,1128,609,468,9,0,42,0,1306,489,483,6,0,199,129,,178,,-120,,15,,129,,,,,,,,,,,,,,,,,,,,,,,,,,,,,13.0,56.0,,,,,,,,,,,,,,,,,,,,,,,,,,,,,,,,,,13.0,1000,,,,,,,,low
G21011100126032,1500000US211110126032,G2101110012603,,,,,,,,1372,538,661,0,0,164,9,2144,846,1057,0,0,28,213,,772,,308,,396,,204,,,,98526.39726027397,147499.0,38714.27777777778,56462.41463414634,314.0,1682.0,400.0,1142.0,49.0,1093.0,213.0,456.0,287.0,2387.0,445.0,1331.0,8.0,1323.0,320.0,465.0,,,,,,42.0,,-0.03689666197807634,230.0,189.0,-0.030803906836964687,0.21043000914913082,0.16549912434325745,0.36596523330283626,0.3363567649281935,-0.02960846837464276,-0.06644791670298938,0.04699804085505302,107.0,-0.06572644306273895,9.0,0.45843905337053953,2.0,,,,,,,61.0,60.0,76.0,64.0,5.0,56.0,79.0,32.0,,,59.0,51.0,1000,1.0,0.0,1.0,0.0,1.0,0.0,0.0,high
G21011100126051,1500000US211110126051,G2101110012605,,,,,,,,2176,411,1456,0,48,81,180,1930,318,1528,0,0,23,61,,-246,,-93,,72,,-119,,,,117732.43373493975,151187.01652892563,33982.87096774194,41665.666666666664,289.0,2490.0,512.0,1426.0,17.0,1409.0,315.0,608.0,426.0,2494.0,699.0,1570.0,0.0,1570.0,278.0,753.0,,,,,,39.0,,-0.011921458625525946,161.0,144.0,-0.010828025477707006,0.11426543647977289,0.10098176718092566,0.3633782824698368,0.44522292993630574,0.08184464746646897,0.05474568683716423,-0.04649274680963597,-37.0,0.04810612396197328,145.0,0.22607847660127298,3.0,,,,,,,23.0,46.0,60.0,45.0,53.0,24.0,38.0,79.0,,,25.0,48.0,1000,0.0,0.0,0.0,0.0,0.0,0.0,0.0,low
G21011100126052,1500000US211110126052,G2101110012605,,,,,,,,768,338,431,0,0,0,0,877,130,747,0,0,0,0,,109,,-208,,316,,0,,,,,,,,,,,,,,,,,,,,,,,,211110000000.0,625.0,1000.0,750.0,1145.0,28.0,74.0,,,,,,,,,,,,,,,,,,,,,,,,,,,,,,,,83.0,,34.0,1000,,,,,,,,low
G21011100126053,1500000US211110126053,G2101110012605,,,,,,,,790,347,442,0,0,0,0,513,31,480,0,0,2,0,,-277,,-316,,38,,0,,,,,,,,,,,,,,,,,,,,,,,,211110000000.0,625.0,1000.0,750.0,1145.0,27.0,56.0,,,,,,,,,,,,,,,,,,,,,,,,,,,,,,,,83.0,,33.0,1000,,,,,,,,low
G21011100127011,1500000US211110127011,G2101110012701,,,,,,,,2500,1307,1084,0,0,57,52,3671,937,2398,0,0,24,312,,1171,,-370,,1314,,260,,,,87141.85714285714,115739.74074074074,31273.50980392157,27186.5,149.0,2529.0,726.0,1775.0,307.0,1468.0,245.0,752.0,164.0,2398.0,1060.0,2053.0,339.0,1714.0,104.0,1110.0,,,,,,46.0,180.0,-0.00783353800347139,246.0,278.0,0.015586945932781296,0.167574931880109,0.15661971830985916,0.494550408719346,0.6184364060676779,0.12388599734833189,0.00947375745769425,-0.10621695350678337,-141.0,0.13534635427430453,358.0,-0.13068599685632584,2.0,,,,,,,13.0,32.0,68.0,44.0,29.0,4.0,22.0,96.0,,,33.0,56.0,1000,0.0,0.0,0.0,0.0,0.0,0.0,0.0,low
G21011100127012,1500000US211110127012,G2101110012701,,,,,,,,886,134,723,0,0,17,12,537,94,442,0,0,1,0,,-349,,-40,,-281,,-12,,,,,,,,,,,,,,,,,,,,,,,,,,,,,22.0,401.0,,,,,,,,,,,,,,,,,,,,,,,,,,,,,,,,,,25.0,1000,,,,,,,,low
G21011100127021,1500000US211110127021,G2101110012702,,,,,,,,917,813,104,0,0,0,0,1641,815,574,0,0,123,129,,724,,2,,470,,129,,,,90912.04347826086,120323.42748091603,38332.333333333336,44374.0,41.0,1248.0,137.0,876.0,88.0,788.0,103.0,348.0,117.0,1462.0,129.0,874.0,96.0,778.0,63.0,252.0,,,,,,25.0,,0.009383195929072233,-10.0,-2.0,0.009153318077803204,-0.012690355329949238,-0.00228310502283105,0.17385786802030456,0.16580976863753213,-0.008048099382772428,0.04717479567855765,-0.0497337961452638,-40.0,-0.11771691046938004,-96.0,0.1576128072906249,2.0,,,,,,,53.0,35.0,34.0,32.0,48.0,18.0,35.0,16.0,,,32.0,30.0,1000,0.0,0.0,0.0,0.0,0.0,0.0,0.0,low
G21011100127022,1500000US211110127022,G2101110012702,,,,,,,,946,803,103,0,0,26,14,572,527,8,0,0,0,37,,-374,,-276,,-95,,23,,,,,,,,,,,,,,,,,,,,,,,,,,,,,8.0,108.0,,,,,,,,,,,,,,,,,,,,,,,,,,,,,,,,,,7.0,1000,,,,,,,,low
G21011100128011,1500000US211110128011,G2101110012801,,,,,,,,1691,494,1165,0,0,32,0,990,136,854,0,0,0,0,,-701,,-358,,-311,,0,,,,,,,,,,,,,,,,,,,,,,,,,,,,,13.0,68.0,,,,,,,,,,,,,,,,,,,,,,,,,,,,,,,,,,13.0,1000,,,,,,,,low
G21011100128012,1500000US211110128012,G2101110012801,,,,,,,,1722,27,1664,0,0,31,0,1642,200,1387,11,9,10,25,,-80,,173,,-277,,25,,,,90125.05042016807,113280.25,24317.181818181816,34551.23880597015,188.0,1999.0,709.0,1414.0,88.0,1326.0,81.0,733.0,284.0,2134.0,360.0,1417.0,49.0,1368.0,116.0,758.0,211110000000.0,750.0,1232.5,750.0,1145.0,51.0,99.0,-0.027654696107779944,42.0,3.0,-0.027522935779816515,0.03167420814479638,0.0021216407355021216,0.5346907993966817,0.2631578947368421,-0.27153290465983965,0.039036387922171026,0.023709348786748165,35.0,0.0013032203434679701,25.0,0.4208570328711523,2.0,,,,,,,99.0,57.0,43.0,56.0,40.0,51.0,69.0,58.0,,90.0,20.0,61.0,1000,0.0,0.0,0.0,0.0,0.0,0.0,0.0,low
G21011100131001,1500000US211110131001,G2101110013100,,,,,,,,1184,1119,8,3,35,11,8,1077,1001,7,0,3,25,41,,-107,,-118,,-1,,33,,,,245623.93591365896,351145.7889908257,92134.17245504855,104572.17073170732,536.5092344569999,874.3987955849999,44.183288409,515.1676962942,29.147961282300002,486.01973501189997,299.95373419739997,150.0992586414,575.0,833.0,43.0,507.0,15.0,492.0,186.0,145.0,211110000000.0,1099.0,1480.0,1200.0,1395.0,166.0,,-0.026993760600632473,5.980264988100032,-8.167696294200027,-0.02790524907751491,0.012304572339955718,-0.01585444187000353,0.0909084245476538,0.08739837398373984,-0.003510050563913958,0.07670111792825296,-0.23911491182616207,-113.95373419739997,-0.014118223226680549,-5.099258641400013,0.13499875176853793,1.0,,,,,,,51.0,58.0,39.0,53.0,62.0,16.0,10.0,50.0,,43.0,52.0,96.0,1000,,,,,,,,low
