GISJOIN_proj,data_yr,pop,pop_white,pop_black,pop_indigenous,pop_asian,pop_other,pop_latino,Area,group_id
G21011100002011,1990,946,916,23,1,0,0,6,Local Area,G21011100002011
G21011100002011,2010,777,551,226,0,0,0,0,Local Area,G21011100002011
G21011100002011,2020,592,592,0,0,0,0,0,Local Area,G21011100002011
G21011100002012,1990,915,877,28,0,1,0,9,Local Area,G21011100002012
G21011100002012,2010,647,479,147,0,0,0,21,Local Area,G21011100002012
G21011100002012,2020,691,365,293,0,0,33,0,Local Area,G21011100002012
G21011100002021,1990,1752,1597,114,15,1,0,25,Local Area,G21011100002021
G21011100002021,2010,1627,1281,314,0,0,16,16,Local Area,G21011100002021
G21011100002021,2020,929,781,74,0,0,30,44,Local Area,G21011100002021
G21011100006001,1990,1008,169,839,0,0,0,0,Local Area,G21011100006001
G21011100006001,2010,1241,139,977,0,0,125,0,Local Area,G21011100006001
G21011100006001,2020,1033,51,910,0,0,0,72,Local Area,G21011100006001
G21011100006002,1990,913,39,868,0,1,0,5,Local Area,G21011100006002
G21011100006002,2010,601,20,496,8,0,77,0,Local Area,G21011100006002
G21011100006002,2020,296,17,251,0,0,28,0,Local Area,G21011100006002
G21011100008001,1990,1243,35,1193,1,1,1,12,Local Area,G21011100008001
G21011100008001,2010,1129,0,1126,0,0,3,0,Local Area,G21011100008001
G21011100008001,2020,1130,9,1109,0,0,8,4,Local Area,G21011100008001
G21011100008003,1990,1265,66,1189,0,1,0,9,Local Area,G21011100008003
G21011100008003,2010,1166,20,1139,0,0,7,0,Local Area,G21011100008003
G21011100008003,2020,791,182,594,4,0,6,5,Local Area,G21011100008003
G21011100009001,1990,1179,37,1131,4,0,2,5,Local Area,G21011100009001
G21011100009001,2010,1166,48,1118,0,0,0,0,Local Area,G21011100009001
G21011100009001,2020,1021,43,888,0,0,90,0,Local Area,G21011100009001
G21011100009002,1990,1281,27,1249,2,3,0,0,Local Area,G21011100009002
G21011100009002,2010,1012,47,915,0,0,50,0,Local Area,G21011100009002
G21011100009002,2020,941,16,848,2,0,75,0,Local Area,G21011100009002
G21011100010001,1990,876,29,846,0,0,0,1,Local Area,G21011100010001
G21011100010001,2010,535,19,455,0,0,61,0,Local Area,G21011100010001
G21011100010001,2020,679,0,679,0,0,0,0,Local Area,G21011100010001
G21011100010002,1990,747,10,733,0,0,0,4,Local Area,G21011100010002
G21011100010002,2010,764,0,735,0,0,0,29,Local Area,G21011100010002
G21011100010002,2020,341,11,330,0,0,0,0,Local Area,G21011100010002
G21011100010003,1990,1230,18,1203,0,0,3,6,Local Area,G21011100010003
G21011100010003,2010,1400,59,1291,0,0,37,13,Local Area,G21011100010003
G21011100010003,2020,1218,236,869,44,12,57,0,Local Area,G21011100010003
G21011100012001,1990,867,4,862,0,1,0,0,Local Area,G21011100012001
G21011100012001,2010,717,5,689,0,0,23,0,Local Area,G21011100012001
G21011100012001,2020,1558,0,1480,0,0,28,50,Local Area,G21011100012001
G21011100012002,1990,1209,8,1198,2,1,0,0,Local Area,G21011100012002
G21011100012002,2010,1093,51,1032,0,0,10,0,Local Area,G21011100012002
G21011100012002,2020,546,55,465,0,0,26,0,Local Area,G21011100012002
G21011100012003,1990,1282,95,1179,1,1,0,6,Local Area,G21011100012003
G21011100012003,2010,915,0,915,0,0,0,0,Local Area,G21011100012003
G21011100012003,2020,993,63,930,0,0,0,0,Local Area,G21011100012003
G21011100015001,1990,1096,57,1029,6,1,0,3,Local Area,G21011100015001
G21011100015001,2010,1165,181,957,0,0,27,0,Local Area,G21011100015001
G21011100015001,2020,883,105,760,0,0,18,0,Local Area,G21011100015001
G21011100015002,1990,970,19,947,0,0,0,4,Local Area,G21011100015002
G21011100015002,2010,774,0,774,0,0,0,0,Local Area,G21011100015002
G21011100015002,2020,820,15,621,0,0,184,0,Local Area,G21011100015002
G21011100015003,1990,1486,31,1437,1,5,0,12,Local Area,G21011100015003
G21011100015003,2010,960,57,895,0,0,8,0,Local Area,G21011100015003
G21011100015003,2020,1745,7,1601,0,0,137,0,Local Area,G21011100015003
G21011100018001,1990,1771,69,1691,4,0,0,7,Local Area,G21011100018001
G21011100018001,2010,1609,63,1488,0,0,45,13,Local Area,G21011100018001
G21011100018001,2020,988,27,930,0,0,7,24,Local Area,G21011100018001
G21011100024011,1990,966,142,808,6,0,3,8,Local Area,G21011100024011
G21011100024011,2010,877,62,778,12,0,25,0,Local Area,G21011100024011
G21011100024011,2020,343,137,206,0,0,0,0,Local Area,G21011100024011
G21011100024012,1990,1611,34,1570,0,0,0,8,Local Area,G21011100024012
G21011100024012,2010,1547,35,1349,0,0,163,0,Local Area,G21011100024012
G21011100024012,2020,1507,13,1494,0,0,0,0,Local Area,G21011100024012
G21011100024021,1990,646,67,567,4,0,3,5,Local Area,G21011100024021
G21011100024021,2010,788,42,704,0,0,42,0,Local Area,G21011100024021
G21011100024021,2020,1380,883,390,0,0,80,27,Local Area,G21011100024021
G21011100024022,1990,965,27,926,0,1,2,9,Local Area,G21011100024022
G21011100024022,2010,1605,127,1400,0,0,78,0,Local Area,G21011100024022
G21011100024022,2020,1599,21,1565,0,0,13,0,Local Area,G21011100024022
G21011100027001,1990,1706,407,1278,5,3,11,2,Local Area,G21011100027001
G21011100027001,2010,1030,102,818,0,0,105,5,Local Area,G21011100027001
G21011100027001,2020,1124,256,553,0,0,312,3,Local Area,G21011100027001
G21011100027002,1990,1184,58,1119,3,2,1,1,Local Area,G21011100027002
G21011100027002,2010,1340,67,1237,0,0,36,0,Local Area,G21011100027002
G21011100027002,2020,911,120,686,0,0,96,9,Local Area,G21011100027002
G21011100027003,1990,1217,44,1166,3,0,1,3,Local Area,G21011100027003
G21011100027003,2010,1056,65,918,0,10,63,0,Local Area,G21011100027003
G21011100027003,2020,997,116,881,0,0,0,0,Local Area,G21011100027003
G21011100028001,1990,1043,365,668,2,1,0,7,Local Area,G21011100028001
G21011100028001,2010,583,67,492,0,0,24,0,Local Area,G21011100028001
G21011100028001,2020,1003,45,954,0,0,4,0,Local Area,G21011100028001
G21011100028002,1990,1142,207,924,1,0,0,10,Local Area,G21011100028002
G21011100028002,2010,1017,188,794,0,0,35,0,Local Area,G21011100028002
G21011100028002,2020,696,129,487,0,0,30,50,Local Area,G21011100028002
G21011100030001,1990,2039,266,1758,3,3,0,9,Local Area,G21011100030001
G21011100030001,2010,2216,304,1787,0,0,125,0,Local Area,G21011100030001
G21011100030001,2020,620,238,281,0,0,82,19,Local Area,G21011100030001
G21011100030002,1990,1698,53,1635,2,0,2,6,Local Area,G21011100030002
G21011100030002,2010,1315,13,1284,0,0,18,0,Local Area,G21011100030002
G21011100030002,2020,1263,137,1068,0,1,57,0,Local Area,G21011100030002
G21011100035011,1990,620,194,421,3,1,0,0,Local Area,G21011100035011
G21011100035011,2010,1656,831,762,0,8,47,9,Local Area,G21011100035011
G21011100035011,2020,2951,2196,308,0,92,219,136,Local Area,G21011100035011
G21011100035021,1990,1646,388,1242,3,2,0,11,Local Area,G21011100035021
G21011100035021,2010,2385,665,1657,0,5,42,15,Local Area,G21011100035021
G21011100035021,2020,1769,205,1313,0,0,91,160,Local Area,G21011100035021
G21011100037001,1990,966,817,107,7,17,2,17,Local Area,G21011100037001
G21011100037001,2010,880,621,197,0,7,27,28,Local Area,G21011100037001
G21011100037001,2020,1006,477,350,6,0,33,140,Local Area,G21011100037001
G21011100037002,1990,1008,760,235,4,3,0,6,Local Area,G21011100037002
G21011100037002,2010,1011,419,415,0,46,37,94,Local Area,G21011100037002
G21011100037002,2020,607,206,250,0,0,54,97,Local Area,G21011100037002
G21011100039001,1990,1498,1174,306,0,1,1,16,Local Area,G21011100039001
G21011100039001,2010,1438,740,438,0,0,15,245,Local Area,G21011100039001
G21011100039001,2020,567,411,12,0,0,33,111,Local Area,G21011100039001
G21011100039002,1990,1082,1035,31,7,1,0,8,Local Area,G21011100039002
G21011100039002,2010,687,510,117,0,0,23,37,Local Area,G21011100039002
G21011100039002,2020,786,296,250,0,0,180,60,Local Area,G21011100039002
G21011100039003,1990,1504,1456,29,2,9,2,6,Local Area,G21011100039003
G21011100039003,2010,1872,1143,590,23,30,63,23,Local Area,G21011100039003
G21011100039003,2020,1986,829,1018,0,0,139,0,Local Area,G21011100039003
G21011100040001,1990,797,757,28,0,3,2,7,Local Area,G21011100040001
G21011100040001,2010,1032,605,313,0,0,84,30,Local Area,G21011100040001
G21011100040001,2020,1028,334,205,0,0,14,475,Local Area,G21011100040001
G21011100040002,1990,1050,1022,17,1,0,0,10,Local Area,G21011100040002
G21011100040002,2010,824,732,53,0,0,39,0,Local Area,G21011100040002
G21011100040002,2020,577,382,74,0,16,99,6,Local Area,G21011100040002
G21011100043011,1990,998,914,76,0,1,0,7,Local Area,G21011100043011
G21011100043011,2010,1294,635,652,0,0,7,0,Local Area,G21011100043011
G21011100043011,2020,954,370,560,0,0,24,0,Local Area,G21011100043011
G21011100043012,1990,638,161,467,1,2,0,7,Local Area,G21011100043012
G21011100043012,2010,634,92,412,5,0,16,109,Local Area,G21011100043012
G21011100043012,2020,620,18,343,0,182,77,0,Local Area,G21011100043012
G21011100043013,1990,1077,551,511,1,3,1,11,Local Area,G21011100043013
G21011100043013,2010,1250,286,822,0,0,129,13,Local Area,G21011100043013
G21011100043013,2020,1345,64,1052,0,0,48,181,Local Area,G21011100043013
G21011100043014,1990,923,472,438,0,2,0,10,Local Area,G21011100043014
G21011100043014,2010,1072,245,705,0,0,111,11,Local Area,G21011100043014
G21011100043014,2020,1166,237,792,0,16,95,26,Local Area,G21011100043014
G21011100043021,1990,3934,2386,1488,13,8,5,34,Local Area,G21011100043021
G21011100043021,2010,1561,654,667,11,0,132,97,Local Area,G21011100043021
G21011100043021,2020,1146,630,189,0,16,56,255,Local Area,G21011100043021
G21011100049001,1990,688,512,150,4,16,0,6,Local Area,G21011100049001
G21011100049001,2010,922,475,267,0,57,63,60,Local Area,G21011100049001
G21011100049001,2020,1130,412,239,0,224,32,223,Local Area,G21011100049001
G21011100049002,1990,855,164,673,0,2,0,16,Local Area,G21011100049002
G21011100049002,2010,875,218,608,0,20,0,29,Local Area,G21011100049002
G21011100049002,2020,819,148,558,0,0,85,28,Local Area,G21011100049002
G21011100049003,1990,879,399,469,1,2,0,8,Local Area,G21011100049003
G21011100049003,2010,2149,985,1001,0,4,23,136,Local Area,G21011100049003
G21011100049003,2020,2680,1879,562,36,33,92,78,Local Area,G21011100049003
G21011100050001,1990,686,280,397,1,2,2,5,Local Area,G21011100050001
G21011100050001,2010,805,231,532,0,35,6,0,Local Area,G21011100050001
G21011100050001,2020,460,125,288,0,0,8,39,Local Area,G21011100050001
G21011100050002,1990,1054,733,296,1,4,9,10,Local Area,G21011100050002
G21011100050002,2010,1015,526,452,0,8,17,13,Local Area,G21011100050002
G21011100050002,2020,1626,696,861,0,0,55,14,Local Area,G21011100050002
G21011100053001,1990,1283,789,387,2,71,2,31,Local Area,G21011100053001
G21011100053001,2010,1421,1112,222,0,14,72,0,Local Area,G21011100053001
G21011100053001,2020,2464,1826,302,4,76,158,98,Local Area,G21011100053001
G21011100053002,1990,1143,718,356,3,37,2,27,Local Area,G21011100053002
G21011100053002,2010,648,430,85,94,8,14,17,Local Area,G21011100053002
G21011100053002,2020,658,469,100,0,26,33,30,Local Area,G21011100053002
G21011100059011,1990,1431,708,657,2,56,0,8,Local Area,G21011100059011
G21011100059011,2010,1914,527,1306,0,0,66,15,Local Area,G21011100059011
G21011100059011,2020,2086,634,1298,0,9,14,131,Local Area,G21011100059011
G21011100059012,1990,1152,89,1061,1,0,0,1,Local Area,G21011100059012
G21011100059012,2010,453,0,453,0,0,0,0,Local Area,G21011100059012
G21011100059012,2020,456,72,296,0,45,13,30,Local Area,G21011100059012
G21011100059021,1990,990,862,109,9,2,0,8,Local Area,G21011100059021
G21011100059021,2010,733,593,126,0,0,9,5,Local Area,G21011100059021
G21011100059021,2020,963,840,80,0,0,29,14,Local Area,G21011100059021
G21011100059022,1990,897,251,635,1,4,0,5,Local Area,G21011100059022
G21011100059022,2010,609,178,308,0,20,103,0,Local Area,G21011100059022
G21011100059022,2020,276,68,181,0,10,0,17,Local Area,G21011100059022
G21011100059023,1990,1104,308,781,2,6,1,7,Local Area,G21011100059023
G21011100059023,2010,749,220,379,0,24,126,0,Local Area,G21011100059023
G21011100059023,2020,687,275,226,0,89,16,81,Local Area,G21011100059023
G21011100062001,1990,1133,234,880,1,0,0,18,Local Area,G21011100062001
G21011100062001,2010,801,59,731,0,0,11,0,Local Area,G21011100062001
G21011100062001,2020,724,225,471,0,0,28,0,Local Area,G21011100062001
G21011100062002,1990,938,243,675,5,1,1,13,Local Area,G21011100062002
G21011100062002,2010,1236,223,916,19,43,29,6,Local Area,G21011100062002
G21011100062002,2020,1444,531,794,0,0,42,77,Local Area,G21011100062002
G21011100063001,1990,1287,1220,52,6,2,1,6,Local Area,G21011100063001
G21011100063001,2010,1028,967,40,0,0,10,11,Local Area,G21011100063001
G21011100063001,2020,1113,936,63,0,44,40,30,Local Area,G21011100063001
G21011100063002,1990,946,914,17,1,7,0,7,Local Area,G21011100063002
G21011100063002,2010,943,851,25,0,0,67,0,Local Area,G21011100063002
G21011100063002,2020,630,543,18,0,0,22,47,Local Area,G21011100063002
G21011100064001,1990,912,860,27,3,4,0,18,Local Area,G21011100064001
G21011100064001,2010,702,627,27,0,18,0,30,Local Area,G21011100064001
G21011100064001,2020,1029,811,19,0,54,100,45,Local Area,G21011100064001
G21011100064002,1990,948,920,12,0,8,0,8,Local Area,G21011100064002
G21011100064002,2010,989,957,7,7,0,6,12,Local Area,G21011100064002
G21011100064002,2020,1014,885,0,0,55,43,31,Local Area,G21011100064002
G21011100066001,1990,1187,809,344,2,7,6,19,Local Area,G21011100066001
G21011100066001,2010,573,411,138,0,0,14,10,Local Area,G21011100066001
G21011100066001,2020,975,662,242,0,0,49,22,Local Area,G21011100066001
G21011100066002,1990,1255,928,295,4,13,6,9,Local Area,G21011100066002
G21011100066002,2010,1345,832,359,0,0,100,54,Local Area,G21011100066002
G21011100066002,2020,717,585,117,0,0,15,0,Local Area,G21011100066002
G21011100070001,1990,1524,1501,7,0,4,0,12,Local Area,G21011100070001
G21011100070001,2010,1273,1204,44,0,0,7,18,Local Area,G21011100070001
G21011100070001,2020,1092,981,57,0,12,3,39,Local Area,G21011100070001
G21011100070002,1990,806,789,14,1,0,1,1,Local Area,G21011100070002
G21011100070002,2010,791,725,51,0,0,0,15,Local Area,G21011100070002
G21011100070002,2020,643,560,56,0,5,21,1,Local Area,G21011100070002
G21011100071011,1990,185,156,21,1,5,0,2,Local Area,G21011100071011
G21011100071011,2010,105,87,12,0,2,4,0,Local Area,G21011100071011
G21011100071011,2020,115,115,0,0,0,0,0,Local Area,G21011100071011
G21011100074001,1990,1560,1410,100,6,21,3,19,Local Area,G21011100074001
G21011100074001,2010,1306,1160,61,0,15,41,29,Local Area,G21011100074001
G21011100074001,2020,1381,1194,62,0,44,26,55,Local Area,G21011100074001
G21011100074002,1990,868,832,28,3,1,1,4,Local Area,G21011100074002
G21011100074002,2010,715,664,6,0,17,28,0,Local Area,G21011100074002
G21011100074002,2020,1130,788,9,0,47,45,241,Local Area,G21011100074002
G21011100076011,1990,1182,1134,37,3,3,0,5,Local Area,G21011100076011
G21011100076011,2010,1270,949,182,0,80,7,52,Local Area,G21011100076011
G21011100076011,2020,1045,833,102,0,81,19,10,Local Area,G21011100076011
G21011100076012,1990,732,694,29,0,6,0,3,Local Area,G21011100076012
G21011100076012,2010,792,759,14,0,13,6,0,Local Area,G21011100076012
G21011100076012,2020,574,407,125,0,20,22,0,Local Area,G21011100076012
G21011100076021,1990,2408,1977,395,1,14,4,17,Local Area,G21011100076021
G21011100076021,2010,2324,1651,437,0,105,41,90,Local Area,G21011100076021
G21011100076021,2020,2243,1421,571,0,60,66,125,Local Area,G21011100076021
G21011100076022,1990,1390,1031,329,4,17,0,9,Local Area,G21011100076022
G21011100076022,2010,1382,819,275,0,61,95,132,Local Area,G21011100076022
G21011100076022,2020,1311,564,409,0,216,38,84,Local Area,G21011100076022
G21011100076031,1990,1124,972,118,2,18,0,14,Local Area,G21011100076031
G21011100076031,2010,1437,1064,257,0,0,94,22,Local Area,G21011100076031
G21011100076031,2020,1528,721,577,0,61,76,93,Local Area,G21011100076031
G21011100076032,1990,714,536,152,4,5,3,14,Local Area,G21011100076032
G21011100076032,2010,475,259,165,0,0,40,11,Local Area,G21011100076032
G21011100076032,2020,567,356,130,0,81,0,0,Local Area,G21011100076032
G21011100076033,1990,690,638,39,0,11,0,2,Local Area,G21011100076033
G21011100076033,2010,502,449,6,0,32,6,9,Local Area,G21011100076033
G21011100076033,2020,436,386,0,0,0,40,10,Local Area,G21011100076033
G21011100077001,1990,1737,1584,66,3,62,1,22,Local Area,G21011100077001
G21011100077001,2010,2315,1937,111,0,226,10,31,Local Area,G21011100077001
G21011100077001,2020,2095,1797,154,8,106,10,20,Local Area,G21011100077001
G21011100079001,1990,960,914,30,3,6,0,7,Local Area,G21011100079001
G21011100079001,2010,803,759,24,7,12,1,0,Local Area,G21011100079001
G21011100079001,2020,954,864,71,0,16,3,0,Local Area,G21011100079001
G21011100079002,1990,927,895,15,1,6,0,10,Local Area,G21011100079002
G21011100079002,2010,866,842,0,0,4,0,20,Local Area,G21011100079002
G21011100079002,2020,850,801,11,0,0,38,0,Local Area,G21011100079002
G21011100082011,1990,838,812,17,1,5,0,3,Local Area,G21011100082011
G21011100082011,2010,699,644,34,0,21,0,0,Local Area,G21011100082011
G21011100082011,2020,687,593,5,0,0,81,8,Local Area,G21011100082011
G21011100082012,1990,1148,1096,29,0,13,1,9,Local Area,G21011100082012
G21011100082012,2010,1344,1170,49,0,49,50,26,Local Area,G21011100082012
G21011100082012,2020,1054,1039,0,0,4,3,8,Local Area,G21011100082012
G21011100082021,1990,998,960,27,1,4,0,6,Local Area,G21011100082021
G21011100082021,2010,888,844,6,0,15,0,23,Local Area,G21011100082021
G21011100082021,2020,847,717,86,0,24,20,0,Local Area,G21011100082021
G21011100082022,1990,1304,1273,10,1,11,4,5,Local Area,G21011100082022
G21011100082022,2010,1303,1161,0,0,41,44,57,Local Area,G21011100082022
G21011100082022,2020,1522,1209,173,0,69,28,43,Local Area,G21011100082022
G21011100083001,1990,933,902,21,4,0,3,3,Local Area,G21011100083001
G21011100083001,2010,816,731,0,0,25,60,0,Local Area,G21011100083001
G21011100083001,2020,637,610,0,0,14,13,0,Local Area,G21011100083001
G21011100083002,1990,806,762,33,1,0,2,8,Local Area,G21011100083002
G21011100083002,2010,489,462,27,0,0,0,0,Local Area,G21011100083002
G21011100083002,2020,533,467,5,0,0,27,34,Local Area,G21011100083002
G21011100083003,1990,1241,1188,39,3,3,0,8,Local Area,G21011100083003
G21011100083003,2010,876,847,0,0,7,22,0,Local Area,G21011100083003
G21011100083003,2020,1273,1129,21,0,0,107,16,Local Area,G21011100083003
G21011100085001,1990,1158,1132,19,1,4,0,2,Local Area,G21011100085001
G21011100085001,2010,1173,1133,0,0,0,0,40,Local Area,G21011100085001
G21011100085001,2020,1141,1013,58,0,11,45,14,Local Area,G21011100085001
G21011100085002,1990,937,918,13,0,2,1,3,Local Area,G21011100085002
G21011100085002,2010,853,778,24,0,0,3,48,Local Area,G21011100085002
G21011100085002,2020,808,649,53,0,25,73,8,Local Area,G21011100085002
G21011100091031,1990,1604,1497,69,4,20,1,13,Local Area,G21011100091031
G21011100091031,2010,1639,1023,300,0,255,50,11,Local Area,G21011100091031
G21011100091031,2020,1553,692,203,0,226,17,415,Local Area,G21011100091031
G21011100091051,1990,1609,1495,89,1,12,1,11,Local Area,G21011100091051
G21011100091051,2010,1926,753,353,0,0,238,582,Local Area,G21011100091051
G21011100091051,2020,1700,777,218,0,0,55,650,Local Area,G21011100091051
G21011100091052,1990,1083,1042,14,1,13,3,10,Local Area,G21011100091052
G21011100091052,2010,1440,1249,89,0,0,0,102,Local Area,G21011100091052
G21011100091052,2020,875,527,11,0,17,0,320,Local Area,G21011100091052
G21011100094011,1990,1443,1437,0,0,2,0,4,Local Area,G21011100094011
G21011100094011,2010,1216,1141,12,25,16,22,0,Local Area,G21011100094011
G21011100094011,2020,617,579,0,0,0,12,26,Local Area,G21011100094011
G21011100094012,1990,1940,1917,2,2,13,0,6,Local Area,G21011100094012
G21011100094012,2010,1848,1612,7,4,7,7,211,Local Area,G21011100094012
G21011100094012,2020,1917,1675,111,0,9,61,61,Local Area,G21011100094012
G21011100096001,1990,927,914,4,0,7,0,3,Local Area,G21011100096001
G21011100096001,2010,853,840,1,1,7,2,2,Local Area,G21011100096001
G21011100096001,2020,571,473,8,0,3,28,59,Local Area,G21011100096001
G21011100096002,1990,1236,1202,24,0,8,0,2,Local Area,G21011100096002
G21011100096002,2010,1050,1022,12,0,0,17,0,Local Area,G21011100096002
G21011100096002,2020,1154,995,117,0,0,42,0,Local Area,G21011100096002
G21011100096003,1990,1863,1815,39,1,3,0,5,Local Area,G21011100096003
G21011100096003,2010,1898,1836,0,0,0,61,0,Local Area,G21011100096003
G21011100096003,2020,1938,1887,0,0,0,4,47,Local Area,G21011100096003
G21011100096004,1990,852,842,1,0,2,0,7,Local Area,G21011100096004
G21011100096004,2010,661,637,0,0,0,0,24,Local Area,G21011100096004
G21011100096004,2020,1114,1028,20,0,0,0,66,Local Area,G21011100096004
G21011100103121,1990,1737,1641,24,5,44,3,20,Local Area,G21011100103121
G21011100103121,2010,2435,2267,25,0,0,0,143,Local Area,G21011100103121
G21011100103121,2020,2304,2110,84,0,103,7,0,Local Area,G21011100103121
G21011100103122,1990,782,771,3,0,5,1,2,Local Area,G21011100103122
G21011100103122,2010,735,652,35,0,34,0,14,Local Area,G21011100103122
G21011100103122,2020,674,625,20,0,13,16,0,Local Area,G21011100103122
G21011100103131,1990,554,529,15,0,3,0,7,Local Area,G21011100103131
G21011100103131,2010,1450,987,213,0,172,17,61,Local Area,G21011100103131
G21011100103131,2020,1946,1595,78,0,137,136,0,Local Area,G21011100103131
G21011100103132,1990,30,28,1,0,0,0,1,Local Area,G21011100103132
G21011100103132,2010,693,611,4,0,42,0,36,Local Area,G21011100103132
G21011100103132,2020,838,644,0,0,143,51,0,Local Area,G21011100103132
G21011100103133,1990,36,33,1,0,0,0,2,Local Area,G21011100103133
G21011100103133,2010,836,737,4,0,51,0,44,Local Area,G21011100103133
G21011100103133,2020,3079,2811,21,0,23,178,46,Local Area,G21011100103133
G21011100103134,1990,40,37,1,0,0,0,2,Local Area,G21011100103134
G21011100103134,2010,926,816,5,0,56,0,49,Local Area,G21011100103134
G21011100103134,2020,228,209,0,0,0,0,19,Local Area,G21011100103134
G21011100103151,1990,71,71,0,0,0,0,0,Local Area,G21011100103151
G21011100103151,2010,2184,1811,24,0,268,81,0,Local Area,G21011100103151
G21011100103151,2020,2601,2014,130,0,149,81,227,Local Area,G21011100103151
G21011100103152,1990,65,65,0,0,0,0,0,Local Area,G21011100103152
G21011100103152,2010,849,623,46,0,126,8,46,Local Area,G21011100103152
G21011100103152,2020,1461,1168,155,0,69,6,63,Local Area,G21011100103152
G21011100103161,1990,1421,1328,54,1,24,0,13,Local Area,G21011100103161
G21011100103161,2010,2179,1911,152,0,14,41,61,Local Area,G21011100103161
G21011100103161,2020,3565,2853,137,0,201,187,187,Local Area,G21011100103161
G21011100103162,1990,169,160,6,0,2,0,2,Local Area,G21011100103162
G21011100103162,2010,680,551,44,0,47,36,3,Local Area,G21011100103162
G21011100103162,2020,774,641,69,0,54,0,10,Local Area,G21011100103162
G21011100103163,1990,498,471,17,0,5,0,5,Local Area,G21011100103163
G21011100103163,2010,2002,1620,130,0,139,104,8,Local Area,G21011100103163
G21011100103163,2020,2417,2074,48,4,82,92,117,Local Area,G21011100103163
G21011100103211,1990,238,233,2,0,0,0,2,Local Area,G21011100103211
G21011100103211,2010,1867,1723,40,0,22,29,53,Local Area,G21011100103211
G21011100103211,2020,2638,1705,104,0,47,17,765,Local Area,G21011100103211
G21011100103212,1990,276,267,4,0,2,0,2,Local Area,G21011100103212
G21011100103212,2010,1683,1479,64,0,17,60,63,Local Area,G21011100103212
G21011100103212,2020,3599,2606,225,0,565,170,33,Local Area,G21011100103212
G21011100103221,1990,149,142,3,0,3,1,1,Local Area,G21011100103221
G21011100103221,2010,628,496,45,0,4,48,34,Local Area,G21011100103221
G21011100103221,2020,863,737,20,0,27,25,54,Local Area,G21011100103221
G21011100103222,1990,270,257,5,0,5,1,2,Local Area,G21011100103222
G21011100103222,2010,1139,899,82,0,8,87,62,Local Area,G21011100103222
G21011100103222,2020,2253,1769,80,0,289,95,20,Local Area,G21011100103222
G21011100103231,1990,423,366,53,1,3,0,0,Local Area,G21011100103231
G21011100103231,2010,1432,931,262,0,170,60,10,Local Area,G21011100103231
G21011100103231,2020,1521,1138,177,0,87,18,101,Local Area,G21011100103231
G21011100103232,1990,221,191,28,0,2,0,0,Local Area,G21011100103232
G21011100103232,2010,747,485,137,0,88,31,5,Local Area,G21011100103232
G21011100103232,2020,1526,1139,271,0,64,30,22,Local Area,G21011100103232
G21011100104071,1990,510,491,15,1,0,0,2,Local Area,G21011100104071
G21011100104071,2010,1229,1092,67,0,46,14,11,Local Area,G21011100104071
G21011100104071,2020,1462,1248,26,0,137,41,10,Local Area,G21011100104071
G21011100104072,1990,1488,1429,29,1,15,0,14,Local Area,G21011100104072
G21011100104072,2010,1499,1232,21,0,27,177,41,Local Area,G21011100104072
G21011100104072,2020,2508,1832,218,0,275,62,121,Local Area,G21011100104072
G21011100104081,1990,1731,1678,27,1,6,0,20,Local Area,G21011100104081
G21011100104081,2010,1496,1439,28,0,7,11,11,Local Area,G21011100104081
G21011100104081,2020,1881,1679,112,0,2,52,36,Local Area,G21011100104081
G21011100104082,1990,1057,979,51,1,5,0,21,Local Area,G21011100104082
G21011100104082,2010,2016,1537,339,0,109,0,31,Local Area,G21011100104082
G21011100104082,2020,1868,1515,92,0,115,74,72,Local Area,G21011100104082
G21011100106011,1990,1495,1451,27,3,7,0,7,Local Area,G21011100106011
G21011100106011,2010,1578,1474,9,0,22,38,35,Local Area,G21011100106011
G21011100106011,2020,1504,1441,10,0,7,19,27,Local Area,G21011100106011
G21011100106012,1990,1577,1552,5,0,9,0,11,Local Area,G21011100106012
G21011100106012,2010,1600,1531,40,0,3,7,19,Local Area,G21011100106012
G21011100106012,2020,1491,1328,10,2,29,19,103,Local Area,G21011100106012
G21011100107071,1990,1909,1768,80,0,35,0,25,Local Area,G21011100107071
G21011100107071,2010,1783,1450,5,0,280,0,48,Local Area,G21011100107071
G21011100107071,2020,1794,1616,67,0,42,69,0,Local Area,G21011100107071
G21011100107072,1990,1533,1438,46,0,15,0,34,Local Area,G21011100107072
G21011100107072,2010,1242,1186,38,0,18,0,0,Local Area,G21011100107072
G21011100107072,2020,1844,1451,117,0,200,23,53,Local Area,G21011100107072
G21011100107081,1990,773,706,25,4,26,0,12,Local Area,G21011100107081
G21011100107081,2010,872,794,44,0,19,7,8,Local Area,G21011100107081
G21011100107081,2020,930,826,7,0,21,52,24,Local Area,G21011100107081
G21011100107082,1990,1560,1417,91,1,26,1,24,Local Area,G21011100107082
G21011100107082,2010,1993,1094,620,0,212,0,67,Local Area,G21011100107082
G21011100107082,2020,1700,872,193,0,259,156,220,Local Area,G21011100107082
G21011100110061,1990,1242,861,329,7,22,5,19,Local Area,G21011100110061
G21011100110061,2010,1289,573,436,0,49,97,135,Local Area,G21011100110061
G21011100110061,2020,1624,505,530,0,249,124,216,Local Area,G21011100110061
G21011100110062,1990,987,895,77,4,7,0,4,Local Area,G21011100110062
G21011100110062,2010,1154,906,165,0,0,5,78,Local Area,G21011100110062
G21011100110062,2020,999,424,478,0,83,0,14,Local Area,G21011100110062
G21011100110071,1990,1683,790,846,4,16,8,19,Local Area,G21011100110071
G21011100110071,2010,1504,495,624,0,0,71,314,Local Area,G21011100110071
G21011100110071,2020,1444,557,801,0,0,29,57,Local Area,G21011100110071
G21011100110072,1990,1233,495,701,2,12,7,16,Local Area,G21011100110072
G21011100110072,2010,1049,243,496,0,0,59,251,Local Area,G21011100110072
G21011100110072,2020,1800,613,968,0,36,32,151,Local Area,G21011100110072
G21011100111091,1990,1530,1307,201,2,12,1,7,Local Area,G21011100111091
G21011100111091,2010,1242,1072,127,0,0,0,43,Local Area,G21011100111091
G21011100111091,2020,1239,948,214,0,32,35,10,Local Area,G21011100111091
G21011100111092,1990,1001,883,90,2,10,2,14,Local Area,G21011100111092
G21011100111092,2010,843,611,185,0,0,47,0,Local Area,G21011100111092
G21011100111092,2020,1464,767,519,0,21,83,74,Local Area,G21011100111092
G21011100111121,1990,598,530,56,0,3,0,9,Local Area,G21011100111121
G21011100111121,2010,1428,1335,36,0,32,0,25,Local Area,G21011100111121
G21011100111121,2020,1752,1218,365,0,68,45,56,Local Area,G21011100111121
G21011100111122,1990,1062,931,105,0,14,0,12,Local Area,G21011100111122
G21011100111122,2010,1827,1132,546,0,104,0,45,Local Area,G21011100111122
G21011100111122,2020,1793,1407,255,0,0,47,84,Local Area,G21011100111122
G21011100111131,1990,408,372,26,0,5,0,4,Local Area,G21011100111131
G21011100111131,2010,1099,797,192,0,90,6,14,Local Area,G21011100111131
G21011100111131,2020,1274,943,149,0,157,18,7,Local Area,G21011100111131
G21011100111132,1990,557,508,36,1,7,0,6,Local Area,G21011100111132
G21011100111132,2010,1501,1088,262,0,122,9,20,Local Area,G21011100111132
G21011100111132,2020,1522,1197,296,0,1,28,0,Local Area,G21011100111132
G21011100111151,1990,1723,1657,46,1,12,1,5,Local Area,G21011100111151
G21011100111151,2010,1719,1456,44,0,0,0,219,Local Area,G21011100111151
G21011100111151,2020,2362,2057,231,0,9,36,29,Local Area,G21011100111151
G21011100111152,1990,1370,1357,6,3,0,0,5,Local Area,G21011100111152
G21011100111152,2010,1512,1272,121,0,0,7,112,Local Area,G21011100111152
G21011100111152,2020,1358,813,25,0,13,22,485,Local Area,G21011100111152
G21011100112011,1990,1446,1118,306,5,9,0,9,Local Area,G21011100112011
G21011100112011,2010,1388,700,443,0,52,28,165,Local Area,G21011100112011
G21011100112011,2020,1862,1181,310,0,32,164,175,Local Area,G21011100112011
G21011100113011,1990,1015,926,61,1,24,0,3,Local Area,G21011100113011
G21011100113011,2010,1153,718,140,6,0,41,248,Local Area,G21011100113011
G21011100113011,2020,736,314,238,2,0,21,161,Local Area,G21011100113011
G21011100113012,1990,1731,259,1457,1,4,3,7,Local Area,G21011100113012
G21011100113012,2010,1273,50,1223,0,0,0,0,Local Area,G21011100113012
G21011100113012,2020,1180,181,805,0,52,42,100,Local Area,G21011100113012
G21011100114031,1990,1094,1069,4,7,7,0,7,Local Area,G21011100114031
G21011100114031,2010,786,761,0,0,0,25,0,Local Area,G21011100114031
G21011100114031,2020,868,717,78,0,0,16,57,Local Area,G21011100114031
G21011100114032,1990,1017,1012,2,0,1,0,2,Local Area,G21011100114032
G21011100114032,2010,928,854,21,0,0,17,36,Local Area,G21011100114032
G21011100114032,2020,609,463,18,0,0,9,119,Local Area,G21011100114032
G21011100114041,1990,1583,1170,393,1,11,1,8,Local Area,G21011100114041
G21011100114041,2010,1647,407,596,7,32,175,430,Local Area,G21011100114041
G21011100114041,2020,2017,172,757,0,0,19,1069,Local Area,G21011100114041
G21011100114042,1990,1556,1141,389,2,1,8,14,Local Area,G21011100114042
G21011100114042,2010,1364,904,330,0,9,71,50,Local Area,G21011100114042
G21011100114042,2020,2434,1256,322,0,2,11,843,Local Area,G21011100114042
G21011100115141,1990,918,862,44,1,10,0,1,Local Area,G21011100115141
G21011100115141,2010,1628,1221,354,0,53,0,0,Local Area,G21011100115141
G21011100115141,2020,1942,1171,290,0,41,298,142,Local Area,G21011100115141
G21011100115142,1990,1081,1020,56,0,4,0,1,Local Area,G21011100115142
G21011100115142,2010,1579,1246,266,0,55,7,5,Local Area,G21011100115142
G21011100115142,2020,2158,1773,53,5,36,131,160,Local Area,G21011100115142
G21011100115161,1990,119,116,0,0,1,0,2,Local Area,G21011100115161
G21011100115161,2010,2027,1819,137,0,0,24,47,Local Area,G21011100115161
G21011100115161,2020,2029,1444,292,0,136,43,114,Local Area,G21011100115161
G21011100115162,1990,662,644,13,0,1,0,4,Local Area,G21011100115162
G21011100115162,2010,738,683,48,0,0,4,4,Local Area,G21011100115162
G21011100115162,2020,403,319,69,0,0,9,6,Local Area,G21011100115162
G21011100115163,1990,1164,1132,22,1,3,0,6,Local Area,G21011100115163
G21011100115163,2010,1298,1199,83,0,0,7,8,Local Area,G21011100115163
G21011100115163,2020,1429,1079,115,0,144,32,59,Local Area,G21011100115163
G21011100115181,1990,198,198,0,0,0,0,0,Local Area,G21011100115181
G21011100115181,2010,2516,2197,118,0,39,39,123,Local Area,G21011100115181
G21011100115181,2020,2050,1805,169,0,13,53,10,Local Area,G21011100115181
G21011100115221,1990,1191,867,318,1,1,0,4,Local Area,G21011100115221
G21011100115221,2010,1629,893,387,0,0,0,350,Local Area,G21011100115221
G21011100115221,2020,1473,880,292,0,0,187,114,Local Area,G21011100115221
G21011100115222,1990,1128,1106,9,0,7,0,6,Local Area,G21011100115222
G21011100115222,2010,1312,1075,131,0,0,104,2,Local Area,G21011100115222
G21011100115222,2020,1044,858,25,0,1,98,62,Local Area,G21011100115222
G21011100116031,1990,164,164,0,0,0,0,0,Local Area,G21011100116031
G21011100116031,2010,2376,2289,46,0,0,17,24,Local Area,G21011100116031
G21011100116031,2020,2687,2100,181,0,8,28,370,Local Area,G21011100116031
G21011100116032,1990,583,578,1,4,0,0,0,Local Area,G21011100116032
G21011100116032,2010,1201,1126,7,0,0,52,16,Local Area,G21011100116032
G21011100116032,2020,1468,1428,0,0,19,21,0,Local Area,G21011100116032
G21011100116033,1990,434,432,0,0,2,0,0,Local Area,G21011100116033
G21011100116033,2010,586,586,0,0,0,0,0,Local Area,G21011100116033
G21011100116033,2020,895,571,186,0,112,26,0,Local Area,G21011100116033
G21011100116041,1990,674,668,5,0,0,0,1,Local Area,G21011100116041
G21011100116041,2010,1470,1409,0,0,0,9,52,Local Area,G21011100116041
G21011100116041,2020,1115,1099,0,8,0,8,0,Local Area,G21011100116041
G21011100116042,1990,931,927,4,0,0,0,0,Local Area,G21011100116042
G21011100116042,2010,1110,1028,82,0,0,0,0,Local Area,G21011100116042
G21011100116042,2020,1225,992,172,2,0,33,26,Local Area,G21011100116042
G21011100116061,1990,594,574,16,2,1,1,0,Local Area,G21011100116061
G21011100116061,2010,1225,1170,55,0,0,0,0,Local Area,G21011100116061
G21011100116061,2020,1521,1408,48,2,50,13,0,Local Area,G21011100116061
G21011100117101,1990,862,860,1,0,0,0,1,Local Area,G21011100117101
G21011100117101,2010,1117,976,134,0,0,0,7,Local Area,G21011100117101
G21011100117101,2020,1663,890,376,0,0,100,297,Local Area,G21011100117101
G21011100117102,1990,828,792,17,7,0,1,11,Local Area,G21011100117102
G21011100117102,2010,1791,1486,247,0,15,28,15,Local Area,G21011100117102
G21011100117102,2020,1645,1062,207,0,0,17,359,Local Area,G21011100117102
G21011100118001,1990,2510,2442,29,3,25,0,11,Local Area,G21011100118001
G21011100118001,2010,1826,1344,251,0,65,60,106,Local Area,G21011100118001
G21011100118001,2020,1588,896,438,0,0,10,244,Local Area,G21011100118001
G21011100118002,1990,2347,2241,65,3,22,0,17,Local Area,G21011100118002
G21011100118002,2010,958,514,259,0,6,47,132,Local Area,G21011100118002
G21011100118002,2020,735,299,264,0,0,34,138,Local Area,G21011100118002
G21011100119011,1990,3782,3720,21,5,10,0,26,Local Area,G21011100119011
G21011100119011,2010,1237,463,0,0,0,19,755,Local Area,G21011100119011
G21011100119011,2020,1778,520,84,0,0,0,1174,Local Area,G21011100119011
G21011100119041,1990,1311,1284,15,2,5,0,5,Local Area,G21011100119041
G21011100119041,2010,1372,968,63,0,0,156,185,Local Area,G21011100119041
G21011100119041,2020,1082,375,155,5,12,44,491,Local Area,G21011100119041
G21011100119042,1990,1739,1632,87,1,14,0,5,Local Area,G21011100119042
G21011100119042,2010,1468,1028,119,0,0,37,284,Local Area,G21011100119042
G21011100119042,2020,1628,799,423,0,4,0,402,Local Area,G21011100119042
G21011100119061,1990,1859,1607,219,6,10,0,17,Local Area,G21011100119061
G21011100119061,2010,1389,499,396,0,18,22,454,Local Area,G21011100119061
G21011100119061,2020,1864,396,1004,0,0,32,432,Local Area,G21011100119061
G21011100119062,1990,1877,1781,78,1,7,0,10,Local Area,G21011100119062
G21011100119062,2010,1732,937,185,0,17,77,516,Local Area,G21011100119062
G21011100119062,2020,2649,1318,602,0,14,80,635,Local Area,G21011100119062
G21011100119081,1990,1245,1178,39,6,13,0,9,Local Area,G21011100119081
G21011100119081,2010,1919,1267,386,0,24,140,101,Local Area,G21011100119081
G21011100119081,2020,1130,207,633,0,0,44,246,Local Area,G21011100119081
G21011100119082,1990,1246,1179,39,6,13,0,9,Local Area,G21011100119082
G21011100119082,2010,1921,1269,387,0,25,140,101,Local Area,G21011100119082
G21011100119082,2020,2450,1050,844,0,14,217,325,Local Area,G21011100119082
G21011100119091,1990,2319,2287,22,6,1,2,1,Local Area,G21011100119091
G21011100119091,2010,2095,1201,183,0,449,65,197,Local Area,G21011100119091
G21011100119091,2020,1573,950,82,12,54,40,435,Local Area,G21011100119091
G21011100119092,1990,1786,1720,45,8,9,1,3,Local Area,G21011100119092
G21011100119092,2010,1893,1563,38,0,0,163,129,Local Area,G21011100119092
G21011100119092,2020,1831,857,369,0,32,18,555,Local Area,G21011100119092
G21011100120011,1990,1946,1926,3,10,1,0,6,Local Area,G21011100120011
G21011100120011,2010,1839,1780,14,9,0,8,28,Local Area,G21011100120011
G21011100120011,2020,2256,2035,2,0,0,50,169,Local Area,G21011100120011
G21011100120012,1990,1409,1387,2,5,0,0,15,Local Area,G21011100120012
G21011100120012,2010,1629,1588,0,0,8,6,27,Local Area,G21011100120012
G21011100120012,2020,1507,1278,0,0,0,0,229,Local Area,G21011100120012
G21011100120041,1990,1083,1052,12,2,8,1,9,Local Area,G21011100120041
G21011100120041,2010,1060,777,0,0,0,0,283,Local Area,G21011100120041
G21011100120041,2020,1085,332,41,0,0,17,695,Local Area,G21011100120041
G21011100120042,1990,984,956,11,2,7,0,8,Local Area,G21011100120042
G21011100120042,2010,963,706,0,0,0,0,257,Local Area,G21011100120042
G21011100120042,2020,778,597,0,0,0,19,162,Local Area,G21011100120042
G21011100120051,1990,797,772,12,2,5,2,4,Local Area,G21011100120051
G21011100120051,2010,1856,1649,30,0,25,151,1,Local Area,G21011100120051
G21011100120051,2020,2060,1234,159,0,0,125,542,Local Area,G21011100120051
G21011100120052,1990,1574,1561,2,1,6,0,3,Local Area,G21011100120052
G21011100120052,2010,2009,1845,2,0,1,154,7,Local Area,G21011100120052
G21011100120052,2020,2043,1954,0,0,0,0,89,Local Area,G21011100120052
G21011100121071,1990,2186,2088,64,3,10,0,21,Local Area,G21011100121071
G21011100121071,2010,2733,2564,9,0,0,0,160,Local Area,G21011100121071
G21011100121071,2020,2851,2330,173,1,0,57,290,Local Area,G21011100121071
G21011100121072,1990,799,767,19,0,2,0,11,Local Area,G21011100121072
G21011100121072,2010,799,785,0,0,14,0,0,Local Area,G21011100121072
G21011100121072,2020,891,891,0,0,0,0,0,Local Area,G21011100121072
G21011100121073,1990,996,989,5,1,0,0,1,Local Area,G21011100121073
G21011100121073,2010,918,918,0,0,0,0,0,Local Area,G21011100121073
G21011100121073,2020,439,435,0,0,0,4,0,Local Area,G21011100121073
G21011100121074,1990,739,716,14,2,1,0,6,Local Area,G21011100121074
G21011100121074,2010,1019,913,8,0,0,0,98,Local Area,G21011100121074
G21011100121074,2020,1243,883,0,0,0,7,353,Local Area,G21011100121074
G21011100121081,1990,1676,1652,10,0,4,0,10,Local Area,G21011100121081
G21011100121081,2010,2027,1959,38,14,0,10,6,Local Area,G21011100121081
G21011100121081,2020,1717,1492,26,0,44,103,52,Local Area,G21011100121081
G21011100122051,1990,1511,1445,58,0,5,0,2,Local Area,G21011100122051
G21011100122051,2010,1516,1070,183,27,31,195,10,Local Area,G21011100122051
G21011100122051,2020,1847,1158,376,0,82,189,42,Local Area,G21011100122051
G21011100122061,1990,1443,1407,29,0,4,0,3,Local Area,G21011100122061
G21011100122061,2010,1528,1049,281,0,94,0,104,Local Area,G21011100122061
G21011100122061,2020,1104,522,226,0,17,50,289,Local Area,G21011100122061
G21011100122062,1990,740,735,2,0,0,0,3,Local Area,G21011100122062
G21011100122062,2010,765,501,94,0,0,0,170,Local Area,G21011100122062
G21011100122062,2020,286,286,0,0,0,0,0,Local Area,G21011100122062
G21011100122063,1990,1721,1690,6,4,13,0,8,Local Area,G21011100122063
G21011100122063,2010,1243,917,290,0,13,23,0,Local Area,G21011100122063
G21011100122063,2020,3220,2184,295,4,527,210,0,Local Area,G21011100122063
G21011100122064,1990,588,550,33,0,4,0,1,Local Area,G21011100122064
G21011100122064,2010,1059,799,187,0,44,15,14,Local Area,G21011100122064
G21011100122064,2020,698,166,94,0,196,242,0,Local Area,G21011100122064
G21011100124091,1990,1168,1153,5,4,2,0,4,Local Area,G21011100124091
G21011100124091,2010,1220,845,315,0,0,0,60,Local Area,G21011100124091
G21011100124091,2020,967,764,77,0,0,9,117,Local Area,G21011100124091
G21011100124092,1990,1554,1525,8,3,2,0,16,Local Area,G21011100124092
G21011100124092,2010,1300,1139,98,0,0,63,0,Local Area,G21011100124092
G21011100124092,2020,1722,1115,64,0,0,69,474,Local Area,G21011100124092
G21011100124093,1990,1067,1042,9,3,1,3,9,Local Area,G21011100124093
G21011100124093,2010,934,918,0,0,0,0,16,Local Area,G21011100124093
G21011100124093,2020,714,535,40,0,0,0,139,Local Area,G21011100124093
G21011100124101,1990,1096,1087,6,0,2,0,1,Local Area,G21011100124101
G21011100124101,2010,2459,1973,449,0,0,31,6,Local Area,G21011100124101
G21011100124101,2020,3361,2175,1145,0,0,12,29,Local Area,G21011100124101
G21011100124102,1990,922,913,4,1,0,0,4,Local Area,G21011100124102
G21011100124102,2010,1933,1332,589,0,0,0,12,Local Area,G21011100124102
G21011100124102,2020,1228,727,247,0,0,24,230,Local Area,G21011100124102
G21011100124121,1990,1622,1583,18,1,9,0,10,Local Area,G21011100124121
G21011100124121,2010,1956,1643,313,0,0,0,0,Local Area,G21011100124121
G21011100124121,2020,1598,1032,301,0,144,15,106,Local Area,G21011100124121
G21011100124122,1990,1231,1212,5,3,1,0,10,Local Area,G21011100124122
G21011100124122,2010,2021,1676,309,0,0,0,36,Local Area,G21011100124122
G21011100124122,2020,1340,706,515,0,0,85,34,Local Area,G21011100124122
G21011100124131,1990,1209,1193,5,0,1,0,10,Local Area,G21011100124131
G21011100124131,2010,1799,1371,428,0,0,0,0,Local Area,G21011100124131
G21011100124131,2020,1479,1160,214,0,0,92,13,Local Area,G21011100124131
G21011100124132,1990,1652,1625,21,3,1,0,2,Local Area,G21011100124132
G21011100124132,2010,1249,947,279,0,0,23,0,Local Area,G21011100124132
G21011100124132,2020,2432,1880,457,0,0,65,30,Local Area,G21011100124132
G21011100125011,1990,711,543,158,1,1,1,7,Local Area,G21011100125011
G21011100125011,2010,669,445,189,0,6,29,0,Local Area,G21011100125011
G21011100125011,2020,545,134,339,0,0,72,0,Local Area,G21011100125011
G21011100125012,1990,1690,1584,85,2,9,0,10,Local Area,G21011100125012
G21011100125012,2010,1611,1189,352,0,50,14,6,Local Area,G21011100125012
G21011100125012,2020,1637,945,624,0,0,53,15,Local Area,G21011100125012
G21011100126031,1990,1028,998,27,0,3,0,0,Local Area,G21011100126031
G21011100126031,2010,1128,609,468,9,0,42,0,Local Area,G21011100126031
G21011100126031,2020,1306,489,483,6,0,199,129,Local Area,G21011100126031
G21011100126032,1990,1515,1451,53,1,1,0,9,Local Area,G21011100126032
G21011100126032,2010,1372,538,661,0,0,164,9,Local Area,G21011100126032
G21011100126032,2020,2144,846,1057,0,0,28,213,Local Area,G21011100126032
G21011100126051,1990,1517,1395,109,1,6,0,6,Local Area,G21011100126051
G21011100126051,2010,2176,411,1456,0,48,81,180,Local Area,G21011100126051
G21011100126051,2020,1930,318,1528,0,0,23,61,Local Area,G21011100126051
G21011100126052,1990,857,664,182,1,6,0,4,Local Area,G21011100126052
G21011100126052,2010,768,338,431,0,0,0,0,Local Area,G21011100126052
G21011100126052,2020,877,130,747,0,0,0,0,Local Area,G21011100126052
G21011100126053,1990,881,682,187,2,6,0,4,Local Area,G21011100126053
G21011100126053,2010,790,347,442,0,0,0,0,Local Area,G21011100126053
G21011100126053,2020,513,31,480,0,0,2,0,Local Area,G21011100126053
G21011100127011,1990,3769,2065,1678,4,4,8,10,Local Area,G21011100127011
G21011100127011,2010,2500,1307,1084,0,0,57,52,Local Area,G21011100127011
G21011100127011,2020,3671,937,2398,0,0,24,312,Local Area,G21011100127011
G21011100127012,1990,1205,190,999,5,0,5,6,Local Area,G21011100127012
G21011100127012,2010,886,134,723,0,0,17,12,Local Area,G21011100127012
G21011100127012,2020,537,94,442,0,0,1,0,Local Area,G21011100127012
G21011100127021,1990,1295,1222,62,4,0,0,7,Local Area,G21011100127021
G21011100127021,2010,917,813,104,0,0,0,0,Local Area,G21011100127021
G21011100127021,2020,1641,815,574,0,0,123,129,Local Area,G21011100127021
G21011100127022,1990,1157,1130,25,1,1,0,0,Local Area,G21011100127022
G21011100127022,2010,946,803,103,0,0,26,14,Local Area,G21011100127022
G21011100127022,2020,572,527,8,0,0,0,37,Local Area,G21011100127022
G21011100128011,1990,1516,702,797,0,0,0,17,Local Area,G21011100128011
G21011100128011,2010,1691,494,1165,0,0,32,0,Local Area,G21011100128011
G21011100128011,2020,990,136,854,0,0,0,0,Local Area,G21011100128011
G21011100128012,1990,2242,267,1960,1,3,0,11,Local Area,G21011100128012
G21011100128012,2010,1722,27,1664,0,0,31,0,Local Area,G21011100128012
G21011100128012,2020,1642,200,1387,11,9,10,25,Local Area,G21011100128012
G21011100131001,1990,1242,1225,6,0,8,0,2,Local Area,G21011100131001
G21011100131001,2010,1184,1119,8,3,35,11,8,Local Area,G21011100131001
G21011100131001,2020,1077,1001,7,0,3,25,41,Local Area,G21011100131001
,1990,5386,5217,90,9,30,1,39,,Airport
,2010,2876,1486,300,0,255,69,766,,Airport
,2020,3331,1212,287,0,226,17,1589,,Airport
,1990,64927,49027,14858,89,485,60,409,,Central Bardstown
,2010,76729,49842,19556,66,1241,1974,4045,,Central Bardstown
,2020,83273,46082,22466,3,2515,3889,8318,,Central Bardstown
,1990,52013,46783,4586,84,288,17,257,,Central Preston
,2010,54101,34229,10227,60,1200,1942,6442,,Central Preston
,2020,56305,28205,13352,48,468,2145,12087,,Central Preston
,1990,41594,39204,1776,30,263,20,300,,Central Taylorsville
,2010,53683,43109,5576,23,1248,841,2884,,Central Taylorsville
,2020,55699,43032,6186,26,2086,1755,2614,,Central Taylorsville
,1990,11807,4783,6783,28,95,13,105,,Downtown
,2010,12261,4235,7079,19,211,453,264,,Downtown
,2020,13351,5905,5854,36,410,414,732,,Downtown
,1990,36457,35322,523,29,362,8,215,,East Core
,2010,36321,33549,1000,94,728,326,624,,East Core
,2020,35627,31584,1100,15,956,935,1037,,East Core
,1990,63211,58743,2854,54,885,28,647,,East Metro
,2010,77349,63665,5994,168,3504,1288,2730,,East Metro
,2020,80774,63218,6932,47,4233,3363,2981,,East Metro
,1990,50744,45636,3939,76,743,24,322,,Iroquois Park
,2010,52437,34714,8395,118,2877,1740,4592,,Iroquois Park
,2020,52138,27300,11716,22,3366,3051,6683,,Iroquois Park
,1990,20603,19995,337,55,76,10,128,,Jefferson Forest
,2010,21946,19799,286,20,76,517,1249,,Jefferson Forest
,2020,23125,18164,931,1,0,709,3320,,Jefferson Forest
,1990,17345,16808,336,40,76,1,83,,McNeely Lake
,2010,29869,25008,2824,18,258,660,1100,,McNeely Lake
,2020,38463,24368,6149,0,980,1716,5250,,McNeely Lake
,1990,10413,8614,1581,8,96,16,96,,North Floyd's Fork
,2010,34848,25666,4484,3,2120,1008,1565,,North Floyd's Fork
,2020,43704,29912,5221,12,3173,2099,3287,,North Floyd's Fork
,1990,16107,14388,1426,35,123,11,123,,Northeast Core
,2010,15103,12309,1541,7,339,422,486,,Northeast Core
,2020,15809,11608,2188,7,679,525,802,,Northeast Core
,1990,10374,9551,568,7,146,4,96,,Northeast Metro
,2010,17136,14977,552,39,877,231,458,,Northeast Metro
,2020,19449,16759,670,3,990,688,339,,Northeast Metro
,1990,36419,13619,22469,89,34,21,189,,Northwest Core
,2010,32728,9171,22338,24,1,1037,157,,Northwest Core
,2020,27348,7918,18235,6,2,905,282,,Northwest Core
,1990,15324,12126,3044,30,34,15,76,,Riverport
,2010,14879,11173,2951,11,128,437,179,,Riverport
,2020,16250,8938,5126,0,82,898,1206,,Riverport
,1990,5053,4904,96,6,27,1,20,,South Floyd's Fork
,2010,12827,11540,696,0,295,133,163,,South Floyd's Fork
,2020,16702,13673,1209,12,707,255,846,,South Floyd's Fork
,1990,49560,47950,1094,84,145,17,273,,South-Central Dixie
,2010,56762,48103,6446,63,83,817,1250,,South-Central Dixie
,2020,53691,37814,9733,6,495,2296,3347,,South-Central Dixie
,1990,53097,51704,789,69,231,22,282,,Southeast Core
,2010,49629,46010,1336,43,467,752,1021,,Southeast Core
,2020,49171,43826,1545,5,523,1592,1680,,Southeast Core
,1990,45025,35882,8657,60,138,15,274,,Southwest Core
,2010,45787,20761,20471,37,417,1854,2246,,Southwest Core
,2020,42982,15334,22299,35,382,2276,2656,,Southwest Core
,1990,23492,17168,5561,86,318,36,322,,University
,2010,20009,12394,5270,120,724,633,867,,University
,2020,20753,13465,4466,10,396,1334,1082,,University
,1990,34112,2476,31435,48,24,27,101,,West Core
,2010,29297,2832,25385,111,40,691,237,,West Core
,2020,29447,4049,22808,44,138,1673,735,,West Core
